Year,State_Abbr,FIPS,State,Rate,Source_Link,Source_Document,Source_Notes
2022,AL,01,Alabama,89.68,https://www.fns.usda.gov/snap/fy-2022-reported-application-processing-timeliness,,
2019,AL,01,Alabama,89.39,https://www.fns.usda.gov/snap/fy-2019-reported-application-processing-timeliness,,
2018,AL,01,Alabama,92.75,https://www.fns.usda.gov/snap/fy-2018-reported-application-processing-timeliness,,
2017,AL,01,Alabama,97.25,,https://fns-prod.azureedge.us/sites/default/files/snap/FY2017ApplicationProcessingTimeliness.pdf,
2016,AL,01,Alabama,92.81,,https://fns-prod.azureedge.us/sites/default/files/snap/FY2016ApplicationProcessingTimeliness.pdf,
2015,AL,01,Alabama,95.6,,https://fns-prod.azureedge.us/sites/default/files/snap/FY2015ApplicationProcessingTimeliness.pdf,
2014,AL,01,Alabama,84.91,,https://fns-prod.azureedge.us/sites/default/files/snap/FY2014ApplicationProcessingTimeliness.pdf,
2013,AL,01,Alabama,85.88,,https://fns-prod.azureedge.us/sites/default/files/snap/FY2013SNAPApplicationProcessingTimeliness.pdf,
2012,AL,01,Alabama,78.65,,https://fns-prod.azureedge.us/sites/default/files/media/file/Application%20Processing%20Timeliness%20-%20FY2012.pdf,
2011,AL,01,Alabama,86.25,,https://fns-prod.azureedge.us/sites/default/files/media/file/Application%20Processing%20Timeliness%20-%20FY2011.pdf,
2022,AK,02,Alaska,93.51,https://www.fns.usda.gov/snap/fy-2022-reported-application-processing-timeliness,,
2019,AK,02,Alaska,96.11,https://www.fns.usda.gov/snap/fy-2019-reported-application-processing-timeliness,,
2018,AK,02,Alaska,91.21,https://www.fns.usda.gov/snap/fy-2018-reported-application-processing-timeliness,,
2017,AK,02,Alaska,82.65,,https://fns-prod.azureedge.us/sites/default/files/snap/FY2017ApplicationProcessingTimeliness.pdf,
2016,AK,02,Alaska,79.15,,https://fns-prod.azureedge.us/sites/default/files/snap/FY2016ApplicationProcessingTimeliness.pdf,
2015,AK,02,Alaska,73.54,,https://fns-prod.azureedge.us/sites/default/files/snap/FY2015ApplicationProcessingTimeliness.pdf,
2014,AK,02,Alaska,85.66,,https://fns-prod.azureedge.us/sites/default/files/snap/FY2014ApplicationProcessingTimeliness.pdf,
2013,AK,02,Alaska,87.88,,https://fns-prod.azureedge.us/sites/default/files/snap/FY2013SNAPApplicationProcessingTimeliness.pdf,
2012,AK,02,Alaska,93.08,,https://fns-prod.azureedge.us/sites/default/files/media/file/Application%20Processing%20Timeliness%20-%20FY2012.pdf,
2011,AK,02,Alaska,90.32,,https://fns-prod.azureedge.us/sites/default/files/media/file/Application%20Processing%20Timeliness%20-%20FY2011.pdf,
2022,AZ,04,Arizona,90.46,https://www.fns.usda.gov/snap/fy-2022-reported-application-processing-timeliness,,
2019,AZ,04,Arizona,93.8,https://www.fns.usda.gov/snap/fy-2019-reported-application-processing-timeliness,,
2018,AZ,04,Arizona,90.37,https://www.fns.usda.gov/snap/fy-2018-reported-application-processing-timeliness,,
2017,AZ,04,Arizona,93.49,,https://fns-prod.azureedge.us/sites/default/files/snap/FY2017ApplicationProcessingTimeliness.pdf,
2016,AZ,04,Arizona,93.69,,https://fns-prod.azureedge.us/sites/default/files/snap/FY2016ApplicationProcessingTimeliness.pdf,
2015,AZ,04,Arizona,92.93,,https://fns-prod.azureedge.us/sites/default/files/snap/FY2015ApplicationProcessingTimeliness.pdf,
2014,AZ,04,Arizona,91.92,,https://fns-prod.azureedge.us/sites/default/files/snap/FY2014ApplicationProcessingTimeliness.pdf,
2013,AZ,04,Arizona,91.21,,https://fns-prod.azureedge.us/sites/default/files/snap/FY2013SNAPApplicationProcessingTimeliness.pdf,
2012,AZ,04,Arizona,93.07,,https://fns-prod.azureedge.us/sites/default/files/media/file/Application%20Processing%20Timeliness%20-%20FY2012.pdf,
2011,AZ,04,Arizona,79.17,,https://fns-prod.azureedge.us/sites/default/files/media/file/Application%20Processing%20Timeliness%20-%20FY2011.pdf,
2022,AR,05,Arkansas,75.2,https://www.fns.usda.gov/snap/fy-2022-reported-application-processing-timeliness,,
2019,AR,05,Arkansas,88.96,https://www.fns.usda.gov/snap/fy-2019-reported-application-processing-timeliness,,
2018,AR,05,Arkansas,87.03,https://www.fns.usda.gov/snap/fy-2018-reported-application-processing-timeliness,,
2017,AR,05,Arkansas,82.47,,https://fns-prod.azureedge.us/sites/default/files/snap/FY2017ApplicationProcessingTimeliness.pdf,
2016,AR,05,Arkansas,88.56,,https://fns-prod.azureedge.us/sites/default/files/snap/FY2016ApplicationProcessingTimeliness.pdf,
2015,AR,05,Arkansas,93.26,,https://fns-prod.azureedge.us/sites/default/files/snap/FY2015ApplicationProcessingTimeliness.pdf,
2014,AR,05,Arkansas,92.42,,https://fns-prod.azureedge.us/sites/default/files/snap/FY2014ApplicationProcessingTimeliness.pdf,
2013,AR,05,Arkansas,90.57,,https://fns-prod.azureedge.us/sites/default/files/snap/FY2013SNAPApplicationProcessingTimeliness.pdf,
2012,AR,05,Arkansas,85.98,,https://fns-prod.azureedge.us/sites/default/files/media/file/Application%20Processing%20Timeliness%20-%20FY2012.pdf,
2011,AR,05,Arkansas,79,,https://fns-prod.azureedge.us/sites/default/files/media/file/Application%20Processing%20Timeliness%20-%20FY2011.pdf,
2022,CA,06,California,79.84,https://www.fns.usda.gov/snap/fy-2022-reported-application-processing-timeliness,,
2019,CA,06,California,93.08,https://www.fns.usda.gov/snap/fy-2019-reported-application-processing-timeliness,,
2018,CA,06,California,94.79,https://www.fns.usda.gov/snap/fy-2018-reported-application-processing-timeliness,,
2017,CA,06,California,93.22,,https://fns-prod.azureedge.us/sites/default/files/snap/FY2017ApplicationProcessingTimeliness.pdf,
2016,CA,06,California,91.47,,https://fns-prod.azureedge.us/sites/default/files/snap/FY2016ApplicationProcessingTimeliness.pdf,
2015,CA,06,California,89.64,,https://fns-prod.azureedge.us/sites/default/files/snap/FY2015ApplicationProcessingTimeliness.pdf,
2014,CA,06,California,86.82,,https://fns-prod.azureedge.us/sites/default/files/snap/FY2014ApplicationProcessingTimeliness.pdf,
2013,CA,06,California,86.57,,https://fns-prod.azureedge.us/sites/default/files/snap/FY2013SNAPApplicationProcessingTimeliness.pdf,
2012,CA,06,California,84.71,,https://fns-prod.azureedge.us/sites/default/files/media/file/Application%20Processing%20Timeliness%20-%20FY2012.pdf,
2011,CA,06,California,81.28,,https://fns-prod.azureedge.us/sites/default/files/media/file/Application%20Processing%20Timeliness%20-%20FY2011.pdf,
2022,CO,08,Colorado,74.22,https://www.fns.usda.gov/snap/fy-2022-reported-application-processing-timeliness,,
2019,CO,08,Colorado,87.36,https://www.fns.usda.gov/snap/fy-2019-reported-application-processing-timeliness,,
2018,CO,08,Colorado,90.15,https://www.fns.usda.gov/snap/fy-2018-reported-application-processing-timeliness,,
2017,CO,08,Colorado,97.37,,https://fns-prod.azureedge.us/sites/default/files/snap/FY2017ApplicationProcessingTimeliness.pdf,
2016,CO,08,Colorado,98.18,,https://fns-prod.azureedge.us/sites/default/files/snap/FY2016ApplicationProcessingTimeliness.pdf,
2015,CO,08,Colorado,94.13,,https://fns-prod.azureedge.us/sites/default/files/snap/FY2015ApplicationProcessingTimeliness.pdf,
2014,CO,08,Colorado,91.91,,https://fns-prod.azureedge.us/sites/default/files/snap/FY2014ApplicationProcessingTimeliness.pdf,
2013,CO,08,Colorado,94.94,,https://fns-prod.azureedge.us/sites/default/files/snap/FY2013SNAPApplicationProcessingTimeliness.pdf,
2012,CO,08,Colorado,91.64,,https://fns-prod.azureedge.us/sites/default/files/media/file/Application%20Processing%20Timeliness%20-%20FY2012.pdf,
2011,CO,08,Colorado,82.46,,https://fns-prod.azureedge.us/sites/default/files/media/file/Application%20Processing%20Timeliness%20-%20FY2011.pdf,
2022,CT,09,Connecticut,93.07,https://www.fns.usda.gov/snap/fy-2022-reported-application-processing-timeliness,,
2019,CT,09,Connecticut,95.03,https://www.fns.usda.gov/snap/fy-2019-reported-application-processing-timeliness,,
2018,CT,09,Connecticut,96.47,https://www.fns.usda.gov/snap/fy-2018-reported-application-processing-timeliness,,
2017,CT,09,Connecticut,97.95,,https://fns-prod.azureedge.us/sites/default/files/snap/FY2017ApplicationProcessingTimeliness.pdf,
2016,CT,09,Connecticut,97.52,,https://fns-prod.azureedge.us/sites/default/files/snap/FY2016ApplicationProcessingTimeliness.pdf,
2015,CT,09,Connecticut,94.35,,https://fns-prod.azureedge.us/sites/default/files/snap/FY2015ApplicationProcessingTimeliness.pdf,
2014,CT,09,Connecticut,80.21,,https://fns-prod.azureedge.us/sites/default/files/snap/FY2014ApplicationProcessingTimeliness.pdf,
2013,CT,09,Connecticut,57.36,,https://fns-prod.azureedge.us/sites/default/files/snap/FY2013SNAPApplicationProcessingTimeliness.pdf,
2012,CT,09,Connecticut,56.71,,https://fns-prod.azureedge.us/sites/default/files/media/file/Application%20Processing%20Timeliness%20-%20FY2012.pdf,
2011,CT,09,Connecticut,60.35,,https://fns-prod.azureedge.us/sites/default/files/media/file/Application%20Processing%20Timeliness%20-%20FY2011.pdf,
2022,DE,10,Delaware,79.41,https://www.fns.usda.gov/snap/fy-2022-reported-application-processing-timeliness,,
2019,DE,10,Delaware,93.88,https://www.fns.usda.gov/snap/fy-2019-reported-application-processing-timeliness,,
2018,DE,10,Delaware,93.01,https://www.fns.usda.gov/snap/fy-2018-reported-application-processing-timeliness,,
2017,DE,10,Delaware,96.32,,https://fns-prod.azureedge.us/sites/default/files/snap/FY2017ApplicationProcessingTimeliness.pdf,
2016,DE,10,Delaware,85.26,,https://fns-prod.azureedge.us/sites/default/files/snap/FY2016ApplicationProcessingTimeliness.pdf,
2015,DE,10,Delaware,75,,https://fns-prod.azureedge.us/sites/default/files/snap/FY2015ApplicationProcessingTimeliness.pdf,
2014,DE,10,Delaware,73.93,,https://fns-prod.azureedge.us/sites/default/files/snap/FY2014ApplicationProcessingTimeliness.pdf,
2013,DE,10,Delaware,85.51,,https://fns-prod.azureedge.us/sites/default/files/snap/FY2013SNAPApplicationProcessingTimeliness.pdf,
2012,DE,10,Delaware,84.62,,https://fns-prod.azureedge.us/sites/default/files/media/file/Application%20Processing%20Timeliness%20-%20FY2012.pdf,
2011,DE,10,Delaware,92.96,,https://fns-prod.azureedge.us/sites/default/files/media/file/Application%20Processing%20Timeliness%20-%20FY2011.pdf,
2022,DC,11,District Of Columbia,42.86,https://www.fns.usda.gov/snap/fy-2022-reported-application-processing-timeliness,,
2019,DC,11,District Of Columbia,93.84,https://www.fns.usda.gov/snap/fy-2019-reported-application-processing-timeliness,,
2018,DC,11,District Of Columbia,93.79,https://www.fns.usda.gov/snap/fy-2018-reported-application-processing-timeliness,,
2017,DC,11,District Of Columbia,86.34,,https://fns-prod.azureedge.us/sites/default/files/snap/FY2017ApplicationProcessingTimeliness.pdf,
2016,DC,11,District Of Columbia,93.09,,https://fns-prod.azureedge.us/sites/default/files/snap/FY2016ApplicationProcessingTimeliness.pdf,
2015,DC,11,District Of Columbia,95.08,,https://fns-prod.azureedge.us/sites/default/files/snap/FY2015ApplicationProcessingTimeliness.pdf,
2014,DC,11,District Of Columbia,94.53,,https://fns-prod.azureedge.us/sites/default/files/snap/FY2014ApplicationProcessingTimeliness.pdf,
2013,DC,11,District Of Columbia,97.62,,https://fns-prod.azureedge.us/sites/default/files/snap/FY2013SNAPApplicationProcessingTimeliness.pdf,
2012,DC,11,District Of Columbia,96.41,,https://fns-prod.azureedge.us/sites/default/files/media/file/Application%20Processing%20Timeliness%20-%20FY2012.pdf,
2011,DC,11,District Of Columbia,96.28,,https://fns-prod.azureedge.us/sites/default/files/media/file/Application%20Processing%20Timeliness%20-%20FY2011.pdf,
2022,FL,12,Florida,72.92,https://www.fns.usda.gov/snap/fy-2022-reported-application-processing-timeliness,,
2019,FL,12,Florida,98.15,https://www.fns.usda.gov/snap/fy-2019-reported-application-processing-timeliness,,
2018,FL,12,Florida,96.44,https://www.fns.usda.gov/snap/fy-2018-reported-application-processing-timeliness,,
2017,FL,12,Florida,96.62,,https://fns-prod.azureedge.us/sites/default/files/snap/FY2017ApplicationProcessingTimeliness.pdf,
2016,FL,12,Florida,92.79,,https://fns-prod.azureedge.us/sites/default/files/snap/FY2016ApplicationProcessingTimeliness.pdf,
2015,FL,12,Florida,94.57,,https://fns-prod.azureedge.us/sites/default/files/snap/FY2015ApplicationProcessingTimeliness.pdf,
2014,FL,12,Florida,88.65,,https://fns-prod.azureedge.us/sites/default/files/snap/FY2014ApplicationProcessingTimeliness.pdf,
2013,FL,12,Florida,94.07,,https://fns-prod.azureedge.us/sites/default/files/snap/FY2013SNAPApplicationProcessingTimeliness.pdf,
2012,FL,12,Florida,91.91,,https://fns-prod.azureedge.us/sites/default/files/media/file/Application%20Processing%20Timeliness%20-%20FY2012.pdf,
2011,FL,12,Florida,94.01,,https://fns-prod.azureedge.us/sites/default/files/media/file/Application%20Processing%20Timeliness%20-%20FY2011.pdf,
2022,GA,13,Georgia,68,https://www.fns.usda.gov/snap/fy-2022-reported-application-processing-timeliness,,
2019,GA,13,Georgia,82.84,https://www.fns.usda.gov/snap/fy-2019-reported-application-processing-timeliness,,
2018,GA,13,Georgia,75.22,https://www.fns.usda.gov/snap/fy-2018-reported-application-processing-timeliness,,
2017,GA,13,Georgia,89.57,,https://fns-prod.azureedge.us/sites/default/files/snap/FY2017ApplicationProcessingTimeliness.pdf,
2016,GA,13,Georgia,88.51,,https://fns-prod.azureedge.us/sites/default/files/snap/FY2016ApplicationProcessingTimeliness.pdf,
2015,GA,13,Georgia,80.5,,https://fns-prod.azureedge.us/sites/default/files/snap/FY2015ApplicationProcessingTimeliness.pdf,
2014,GA,13,Georgia,64.82,,https://fns-prod.azureedge.us/sites/default/files/snap/FY2014ApplicationProcessingTimeliness.pdf,
2013,GA,13,Georgia,77.99,,https://fns-prod.azureedge.us/sites/default/files/snap/FY2013SNAPApplicationProcessingTimeliness.pdf,
2012,GA,13,Georgia,81.08,,https://fns-prod.azureedge.us/sites/default/files/media/file/Application%20Processing%20Timeliness%20-%20FY2012.pdf,
2011,GA,13,Georgia,80.32,,https://fns-prod.azureedge.us/sites/default/files/media/file/Application%20Processing%20Timeliness%20-%20FY2011.pdf,
2022,GU,66,Guam,65.93,https://www.fns.usda.gov/snap/fy-2022-reported-application-processing-timeliness,,
2019,GU,66,Guam,81.25,https://www.fns.usda.gov/snap/fy-2019-reported-application-processing-timeliness,,
2018,GU,66,Guam,62.26,https://www.fns.usda.gov/snap/fy-2018-reported-application-processing-timeliness,,
2017,GU,66,Guam,69.64,,https://fns-prod.azureedge.us/sites/default/files/snap/FY2017ApplicationProcessingTimeliness.pdf,
2016,GU,66,Guam,80.52,,https://fns-prod.azureedge.us/sites/default/files/snap/FY2016ApplicationProcessingTimeliness.pdf,
2015,GU,66,Guam,88.73,,https://fns-prod.azureedge.us/sites/default/files/snap/FY2015ApplicationProcessingTimeliness.pdf,
2014,GU,66,Guam,78.31,,https://fns-prod.azureedge.us/sites/default/files/snap/FY2014ApplicationProcessingTimeliness.pdf,
2013,GU,66,Guam,78.67,,https://fns-prod.azureedge.us/sites/default/files/snap/FY2013SNAPApplicationProcessingTimeliness.pdf,
2012,GU,66,Guam,72.22,,https://fns-prod.azureedge.us/sites/default/files/media/file/Application%20Processing%20Timeliness%20-%20FY2012.pdf,
2011,GU,66,Guam,63.3,,https://fns-prod.azureedge.us/sites/default/files/media/file/Application%20Processing%20Timeliness%20-%20FY2011.pdf,
2022,HI,15,Hawaii,77.04,https://www.fns.usda.gov/snap/fy-2022-reported-application-processing-timeliness,,
2019,HI,15,Hawaii,96.17,https://www.fns.usda.gov/snap/fy-2019-reported-application-processing-timeliness,,
2018,HI,15,Hawaii,98.5,https://www.fns.usda.gov/snap/fy-2018-reported-application-processing-timeliness,,
2017,HI,15,Hawaii,95.28,,https://fns-prod.azureedge.us/sites/default/files/snap/FY2017ApplicationProcessingTimeliness.pdf,
2016,HI,15,Hawaii,94.64,,https://fns-prod.azureedge.us/sites/default/files/snap/FY2016ApplicationProcessingTimeliness.pdf,
2015,HI,15,Hawaii,94.43,,https://fns-prod.azureedge.us/sites/default/files/snap/FY2015ApplicationProcessingTimeliness.pdf,
2014,HI,15,Hawaii,94.41,,https://fns-prod.azureedge.us/sites/default/files/snap/FY2014ApplicationProcessingTimeliness.pdf,
2013,HI,15,Hawaii,91.95,,https://fns-prod.azureedge.us/sites/default/files/snap/FY2013SNAPApplicationProcessingTimeliness.pdf,
2012,HI,15,Hawaii,81.77,,https://fns-prod.azureedge.us/sites/default/files/media/file/Application%20Processing%20Timeliness%20-%20FY2012.pdf,
2011,HI,15,Hawaii,68.63,,https://fns-prod.azureedge.us/sites/default/files/media/file/Application%20Processing%20Timeliness%20-%20FY2011.pdf,
2022,ID,16,Idaho,100,https://www.fns.usda.gov/snap/fy-2022-reported-application-processing-timeliness,,
2019,ID,16,Idaho,99.71,https://www.fns.usda.gov/snap/fy-2019-reported-application-processing-timeliness,,
2018,ID,16,Idaho,99.19,https://www.fns.usda.gov/snap/fy-2018-reported-application-processing-timeliness,,
2017,ID,16,Idaho,99.66,,https://fns-prod.azureedge.us/sites/default/files/snap/FY2017ApplicationProcessingTimeliness.pdf,
2016,ID,16,Idaho,98.58,,https://fns-prod.azureedge.us/sites/default/files/snap/FY2016ApplicationProcessingTimeliness.pdf,
2015,ID,16,Idaho,99.13,,https://fns-prod.azureedge.us/sites/default/files/snap/FY2015ApplicationProcessingTimeliness.pdf,
2014,ID,16,Idaho,99.61,,https://fns-prod.azureedge.us/sites/default/files/snap/FY2014ApplicationProcessingTimeliness.pdf,
2013,ID,16,Idaho,98.98,,https://fns-prod.azureedge.us/sites/default/files/snap/FY2013SNAPApplicationProcessingTimeliness.pdf,
2012,ID,16,Idaho,99.28,,https://fns-prod.azureedge.us/sites/default/files/media/file/Application%20Processing%20Timeliness%20-%20FY2012.pdf,
2011,ID,16,Idaho,99.06,,https://fns-prod.azureedge.us/sites/default/files/media/file/Application%20Processing%20Timeliness%20-%20FY2011.pdf,
2022,IL,17,Illinois,96.09,https://www.fns.usda.gov/snap/fy-2022-reported-application-processing-timeliness,,
2019,IL,17,Illinois,86.05,https://www.fns.usda.gov/snap/fy-2019-reported-application-processing-timeliness,,
2018,IL,17,Illinois,69.63,https://www.fns.usda.gov/snap/fy-2018-reported-application-processing-timeliness,,
2017,IL,17,Illinois,86.4,,https://fns-prod.azureedge.us/sites/default/files/snap/FY2017ApplicationProcessingTimeliness.pdf,
2016,IL,17,Illinois,71.89,,https://fns-prod.azureedge.us/sites/default/files/snap/FY2016ApplicationProcessingTimeliness.pdf,
2015,IL,17,Illinois,84.82,,https://fns-prod.azureedge.us/sites/default/files/snap/FY2015ApplicationProcessingTimeliness.pdf,
2014,IL,17,Illinois,63.36,,https://fns-prod.azureedge.us/sites/default/files/snap/FY2014ApplicationProcessingTimeliness.pdf,
2013,IL,17,Illinois,82.13,,https://fns-prod.azureedge.us/sites/default/files/snap/FY2013SNAPApplicationProcessingTimeliness.pdf,
2012,IL,17,Illinois,66.03,,https://fns-prod.azureedge.us/sites/default/files/media/file/Application%20Processing%20Timeliness%20-%20FY2012.pdf,
2011,IL,17,Illinois,73.87,,https://fns-prod.azureedge.us/sites/default/files/media/file/Application%20Processing%20Timeliness%20-%20FY2011.pdf,
2022,IN,18,Indiana,84.8,https://www.fns.usda.gov/snap/fy-2022-reported-application-processing-timeliness,,
2019,IN,18,Indiana,92.54,https://www.fns.usda.gov/snap/fy-2019-reported-application-processing-timeliness,,
2018,IN,18,Indiana,91.85,https://www.fns.usda.gov/snap/fy-2018-reported-application-processing-timeliness,,
2017,IN,18,Indiana,96,,https://fns-prod.azureedge.us/sites/default/files/snap/FY2017ApplicationProcessingTimeliness.pdf,
2016,IN,18,Indiana,93.59,,https://fns-prod.azureedge.us/sites/default/files/snap/FY2016ApplicationProcessingTimeliness.pdf,
2015,IN,18,Indiana,90.26,,https://fns-prod.azureedge.us/sites/default/files/snap/FY2015ApplicationProcessingTimeliness.pdf,
2014,IN,18,Indiana,90.91,,https://fns-prod.azureedge.us/sites/default/files/snap/FY2014ApplicationProcessingTimeliness.pdf,
2013,IN,18,Indiana,87.86,,https://fns-prod.azureedge.us/sites/default/files/snap/FY2013SNAPApplicationProcessingTimeliness.pdf,
2012,IN,18,Indiana,88.25,,https://fns-prod.azureedge.us/sites/default/files/media/file/Application%20Processing%20Timeliness%20-%20FY2012.pdf,
2011,IN,18,Indiana,90.32,,https://fns-prod.azureedge.us/sites/default/files/media/file/Application%20Processing%20Timeliness%20-%20FY2011.pdf,
2022,IA,19,Iowa,78.34,https://www.fns.usda.gov/snap/fy-2022-reported-application-processing-timeliness,,
2019,IA,19,Iowa,82.56,https://www.fns.usda.gov/snap/fy-2019-reported-application-processing-timeliness,,
2018,IA,19,Iowa,87.54,https://www.fns.usda.gov/snap/fy-2018-reported-application-processing-timeliness,,
2017,IA,19,Iowa,86.96,,https://fns-prod.azureedge.us/sites/default/files/snap/FY2017ApplicationProcessingTimeliness.pdf,
2016,IA,19,Iowa,85.92,,https://fns-prod.azureedge.us/sites/default/files/snap/FY2016ApplicationProcessingTimeliness.pdf,
2015,IA,19,Iowa,80.82,,https://fns-prod.azureedge.us/sites/default/files/snap/FY2015ApplicationProcessingTimeliness.pdf,
2014,IA,19,Iowa,89.1,,https://fns-prod.azureedge.us/sites/default/files/snap/FY2014ApplicationProcessingTimeliness.pdf,
2013,IA,19,Iowa,90.64,,https://fns-prod.azureedge.us/sites/default/files/snap/FY2013SNAPApplicationProcessingTimeliness.pdf,
2012,IA,19,Iowa,85.51,,https://fns-prod.azureedge.us/sites/default/files/media/file/Application%20Processing%20Timeliness%20-%20FY2012.pdf,
2011,IA,19,Iowa,84.39,,https://fns-prod.azureedge.us/sites/default/files/media/file/Application%20Processing%20Timeliness%20-%20FY2011.pdf,
2022,KS,20,Kansas,74.03,https://www.fns.usda.gov/snap/fy-2022-reported-application-processing-timeliness,,
2019,KS,20,Kansas,93.3,https://www.fns.usda.gov/snap/fy-2019-reported-application-processing-timeliness,,
2018,KS,20,Kansas,91.77,https://www.fns.usda.gov/snap/fy-2018-reported-application-processing-timeliness,,
2017,KS,20,Kansas,94.42,,https://fns-prod.azureedge.us/sites/default/files/snap/FY2017ApplicationProcessingTimeliness.pdf,
2016,KS,20,Kansas,92.39,,https://fns-prod.azureedge.us/sites/default/files/snap/FY2016ApplicationProcessingTimeliness.pdf,
2015,KS,20,Kansas,88.41,,https://fns-prod.azureedge.us/sites/default/files/snap/FY2015ApplicationProcessingTimeliness.pdf,
2014,KS,20,Kansas,88.24,,https://fns-prod.azureedge.us/sites/default/files/snap/FY2014ApplicationProcessingTimeliness.pdf,
2013,KS,20,Kansas,92.36,,https://fns-prod.azureedge.us/sites/default/files/snap/FY2013SNAPApplicationProcessingTimeliness.pdf,
2012,KS,20,Kansas,85.87,,https://fns-prod.azureedge.us/sites/default/files/media/file/Application%20Processing%20Timeliness%20-%20FY2012.pdf,
2011,KS,20,Kansas,85.45,,https://fns-prod.azureedge.us/sites/default/files/media/file/Application%20Processing%20Timeliness%20-%20FY2011.pdf,
2022,KY,21,Kentucky,89.86,https://www.fns.usda.gov/snap/fy-2022-reported-application-processing-timeliness,,
2019,KY,21,Kentucky,94.98,https://www.fns.usda.gov/snap/fy-2019-reported-application-processing-timeliness,,
2018,KY,21,Kentucky,90.66,https://www.fns.usda.gov/snap/fy-2018-reported-application-processing-timeliness,,
2017,KY,21,Kentucky,92.47,,https://fns-prod.azureedge.us/sites/default/files/snap/FY2017ApplicationProcessingTimeliness.pdf,
2016,KY,21,Kentucky,94.58,,https://fns-prod.azureedge.us/sites/default/files/snap/FY2016ApplicationProcessingTimeliness.pdf,
2015,KY,21,Kentucky,94.03,,https://fns-prod.azureedge.us/sites/default/files/snap/FY2015ApplicationProcessingTimeliness.pdf,
2014,KY,21,Kentucky,90.21,,https://fns-prod.azureedge.us/sites/default/files/snap/FY2014ApplicationProcessingTimeliness.pdf,
2013,KY,21,Kentucky,98.41,,https://fns-prod.azureedge.us/sites/default/files/snap/FY2013SNAPApplicationProcessingTimeliness.pdf,
2012,KY,21,Kentucky,97.26,,https://fns-prod.azureedge.us/sites/default/files/media/file/Application%20Processing%20Timeliness%20-%20FY2012.pdf,
2011,KY,21,Kentucky,99.06,,https://fns-prod.azureedge.us/sites/default/files/media/file/Application%20Processing%20Timeliness%20-%20FY2011.pdf,
2022,LA,22,Louisiana,92.94,https://www.fns.usda.gov/snap/fy-2022-reported-application-processing-timeliness,,
2019,LA,22,Louisiana,90.37,https://www.fns.usda.gov/snap/fy-2019-reported-application-processing-timeliness,,
2018,LA,22,Louisiana,94.93,https://www.fns.usda.gov/snap/fy-2018-reported-application-processing-timeliness,,
2017,LA,22,Louisiana,94.76,,https://fns-prod.azureedge.us/sites/default/files/snap/FY2017ApplicationProcessingTimeliness.pdf,
2016,LA,22,Louisiana,94.88,,https://fns-prod.azureedge.us/sites/default/files/snap/FY2016ApplicationProcessingTimeliness.pdf,
2015,LA,22,Louisiana,90.15,,https://fns-prod.azureedge.us/sites/default/files/snap/FY2015ApplicationProcessingTimeliness.pdf,
2014,LA,22,Louisiana,84.67,,https://fns-prod.azureedge.us/sites/default/files/snap/FY2014ApplicationProcessingTimeliness.pdf,
2013,LA,22,Louisiana,87.17,,https://fns-prod.azureedge.us/sites/default/files/snap/FY2013SNAPApplicationProcessingTimeliness.pdf,
2012,LA,22,Louisiana,80.47,,https://fns-prod.azureedge.us/sites/default/files/media/file/Application%20Processing%20Timeliness%20-%20FY2012.pdf,
2011,LA,22,Louisiana,93.11,,https://fns-prod.azureedge.us/sites/default/files/media/file/Application%20Processing%20Timeliness%20-%20FY2011.pdf,
2022,ME,23,Maine,90.7,https://www.fns.usda.gov/snap/fy-2022-reported-application-processing-timeliness,,
2019,ME,23,Maine,75.82,https://www.fns.usda.gov/snap/fy-2019-reported-application-processing-timeliness,,
2018,ME,23,Maine,86.21,https://www.fns.usda.gov/snap/fy-2018-reported-application-processing-timeliness,,
2017,ME,23,Maine,92.31,,https://fns-prod.azureedge.us/sites/default/files/snap/FY2017ApplicationProcessingTimeliness.pdf,
2016,ME,23,Maine,91.14,,https://fns-prod.azureedge.us/sites/default/files/snap/FY2016ApplicationProcessingTimeliness.pdf,
2015,ME,23,Maine,78.98,,https://fns-prod.azureedge.us/sites/default/files/snap/FY2015ApplicationProcessingTimeliness.pdf,
2014,ME,23,Maine,84.25,,https://fns-prod.azureedge.us/sites/default/files/snap/FY2014ApplicationProcessingTimeliness.pdf,
2013,ME,23,Maine,92.51,,https://fns-prod.azureedge.us/sites/default/files/snap/FY2013SNAPApplicationProcessingTimeliness.pdf,
2012,ME,23,Maine,91.54,,https://fns-prod.azureedge.us/sites/default/files/media/file/Application%20Processing%20Timeliness%20-%20FY2012.pdf,
2011,ME,23,Maine,96.75,,https://fns-prod.azureedge.us/sites/default/files/media/file/Application%20Processing%20Timeliness%20-%20FY2011.pdf,
2022,MD,24,Maryland,89.16,https://www.fns.usda.gov/snap/fy-2022-reported-application-processing-timeliness,,
2019,MD,24,Maryland,86.87,https://www.fns.usda.gov/snap/fy-2019-reported-application-processing-timeliness,,
2018,MD,24,Maryland,87.54,https://www.fns.usda.gov/snap/fy-2018-reported-application-processing-timeliness,,
2017,MD,24,Maryland,88.24,,https://fns-prod.azureedge.us/sites/default/files/snap/FY2017ApplicationProcessingTimeliness.pdf,
2016,MD,24,Maryland,87,,https://fns-prod.azureedge.us/sites/default/files/snap/FY2016ApplicationProcessingTimeliness.pdf,
2015,MD,24,Maryland,86.42,,https://fns-prod.azureedge.us/sites/default/files/snap/FY2015ApplicationProcessingTimeliness.pdf,
2014,MD,24,Maryland,86.74,,https://fns-prod.azureedge.us/sites/default/files/snap/FY2014ApplicationProcessingTimeliness.pdf,
2013,MD,24,Maryland,89.78,,https://fns-prod.azureedge.us/sites/default/files/snap/FY2013SNAPApplicationProcessingTimeliness.pdf,
2012,MD,24,Maryland,87.29,,https://fns-prod.azureedge.us/sites/default/files/media/file/Application%20Processing%20Timeliness%20-%20FY2012.pdf,
2011,MD,24,Maryland,91.69,,https://fns-prod.azureedge.us/sites/default/files/media/file/Application%20Processing%20Timeliness%20-%20FY2011.pdf,
2022,MA,25,Massachusetts,93.63,https://www.fns.usda.gov/snap/fy-2022-reported-application-processing-timeliness,,
2019,MA,25,Massachusetts,90.2,https://www.fns.usda.gov/snap/fy-2019-reported-application-processing-timeliness,,
2018,MA,25,Massachusetts,92.56,https://www.fns.usda.gov/snap/fy-2018-reported-application-processing-timeliness,,
2017,MA,25,Massachusetts,92.18,,https://fns-prod.azureedge.us/sites/default/files/snap/FY2017ApplicationProcessingTimeliness.pdf,
2016,MA,25,Massachusetts,89.25,,https://fns-prod.azureedge.us/sites/default/files/snap/FY2016ApplicationProcessingTimeliness.pdf,
2015,MA,25,Massachusetts,83.16,,https://fns-prod.azureedge.us/sites/default/files/snap/FY2015ApplicationProcessingTimeliness.pdf,
2014,MA,25,Massachusetts,85.05,,https://fns-prod.azureedge.us/sites/default/files/snap/FY2014ApplicationProcessingTimeliness.pdf,
2013,MA,25,Massachusetts,83.78,,https://fns-prod.azureedge.us/sites/default/files/snap/FY2013SNAPApplicationProcessingTimeliness.pdf,
2012,MA,25,Massachusetts,87.44,,https://fns-prod.azureedge.us/sites/default/files/media/file/Application%20Processing%20Timeliness%20-%20FY2012.pdf,
2011,MA,25,Massachusetts,94.91,,https://fns-prod.azureedge.us/sites/default/files/media/file/Application%20Processing%20Timeliness%20-%20FY2011.pdf,
2022,MI,26,Michigan,82.72,https://www.fns.usda.gov/snap/fy-2022-reported-application-processing-timeliness,,
2019,MI,26,Michigan,88.34,https://www.fns.usda.gov/snap/fy-2019-reported-application-processing-timeliness,,
2018,MI,26,Michigan,93.7,https://www.fns.usda.gov/snap/fy-2018-reported-application-processing-timeliness,,
2017,MI,26,Michigan,88.89,,https://fns-prod.azureedge.us/sites/default/files/snap/FY2017ApplicationProcessingTimeliness.pdf,
2016,MI,26,Michigan,89.52,,https://fns-prod.azureedge.us/sites/default/files/snap/FY2016ApplicationProcessingTimeliness.pdf,
2015,MI,26,Michigan,89.84,,https://fns-prod.azureedge.us/sites/default/files/snap/FY2015ApplicationProcessingTimeliness.pdf,
2014,MI,26,Michigan,85.58,,https://fns-prod.azureedge.us/sites/default/files/snap/FY2014ApplicationProcessingTimeliness.pdf,
2013,MI,26,Michigan,89.52,,https://fns-prod.azureedge.us/sites/default/files/snap/FY2013SNAPApplicationProcessingTimeliness.pdf,
2012,MI,26,Michigan,91.86,,https://fns-prod.azureedge.us/sites/default/files/media/file/Application%20Processing%20Timeliness%20-%20FY2012.pdf,
2011,MI,26,Michigan,85.99,,https://fns-prod.azureedge.us/sites/default/files/media/file/Application%20Processing%20Timeliness%20-%20FY2011.pdf,
2022,MN,27,Minnesota,87.9,https://www.fns.usda.gov/snap/fy-2022-reported-application-processing-timeliness,,
2019,MN,27,Minnesota,92.48,https://www.fns.usda.gov/snap/fy-2019-reported-application-processing-timeliness,,
2018,MN,27,Minnesota,92.83,https://www.fns.usda.gov/snap/fy-2018-reported-application-processing-timeliness,,
2017,MN,27,Minnesota,92.42,,https://fns-prod.azureedge.us/sites/default/files/snap/FY2017ApplicationProcessingTimeliness.pdf,
2016,MN,27,Minnesota,87.71,,https://fns-prod.azureedge.us/sites/default/files/snap/FY2016ApplicationProcessingTimeliness.pdf,
2015,MN,27,Minnesota,93.93,,https://fns-prod.azureedge.us/sites/default/files/snap/FY2015ApplicationProcessingTimeliness.pdf,PDF spells Minnesota incorrectly
2014,MN,27,Minnesota,89.46,,https://fns-prod.azureedge.us/sites/default/files/snap/FY2014ApplicationProcessingTimeliness.pdf,
2013,MN,27,Minnesota,91.52,,https://fns-prod.azureedge.us/sites/default/files/snap/FY2013SNAPApplicationProcessingTimeliness.pdf,
2012,MN,27,Minnesota,94.06,,https://fns-prod.azureedge.us/sites/default/files/media/file/Application%20Processing%20Timeliness%20-%20FY2012.pdf,
2011,MN,27,Minnesota,91.22,,https://fns-prod.azureedge.us/sites/default/files/media/file/Application%20Processing%20Timeliness%20-%20FY2011.pdf,
2022,MS,28,Mississippi,81,https://www.fns.usda.gov/snap/fy-2022-reported-application-processing-timeliness,,
2019,MS,28,Mississippi,88.07,https://www.fns.usda.gov/snap/fy-2019-reported-application-processing-timeliness,,
2018,MS,28,Mississippi,89.07,https://www.fns.usda.gov/snap/fy-2018-reported-application-processing-timeliness,,
2017,MS,28,Mississippi,91.4,,https://fns-prod.azureedge.us/sites/default/files/snap/FY2017ApplicationProcessingTimeliness.pdf,
2016,MS,28,Mississippi,94.79,,https://fns-prod.azureedge.us/sites/default/files/snap/FY2016ApplicationProcessingTimeliness.pdf,
2015,MS,28,Mississippi,92.5,,https://fns-prod.azureedge.us/sites/default/files/snap/FY2015ApplicationProcessingTimeliness.pdf,
2014,MS,28,Mississippi,94.88,,https://fns-prod.azureedge.us/sites/default/files/snap/FY2014ApplicationProcessingTimeliness.pdf,
2013,MS,28,Mississippi,95.13,,https://fns-prod.azureedge.us/sites/default/files/snap/FY2013SNAPApplicationProcessingTimeliness.pdf,
2012,MS,28,Mississippi,93.88,,https://fns-prod.azureedge.us/sites/default/files/media/file/Application%20Processing%20Timeliness%20-%20FY2012.pdf,
2011,MS,28,Mississippi,91.47,,https://fns-prod.azureedge.us/sites/default/files/media/file/Application%20Processing%20Timeliness%20-%20FY2011.pdf,
2022,MO,29,Missouri,77.21,https://www.fns.usda.gov/snap/fy-2022-reported-application-processing-timeliness,,
2019,MO,29,Missouri,88.63,https://www.fns.usda.gov/snap/fy-2019-reported-application-processing-timeliness,,
2018,MO,29,Missouri,95.26,https://www.fns.usda.gov/snap/fy-2018-reported-application-processing-timeliness,,
2017,MO,29,Missouri,95.67,,https://fns-prod.azureedge.us/sites/default/files/snap/FY2017ApplicationProcessingTimeliness.pdf,
2016,MO,29,Missouri,87.71,,https://fns-prod.azureedge.us/sites/default/files/snap/FY2016ApplicationProcessingTimeliness.pdf,
2015,MO,29,Missouri,81.45,,https://fns-prod.azureedge.us/sites/default/files/snap/FY2015ApplicationProcessingTimeliness.pdf,
2014,MO,29,Missouri,84,,https://fns-prod.azureedge.us/sites/default/files/snap/FY2014ApplicationProcessingTimeliness.pdf,
2013,MO,29,Missouri,82.88,,https://fns-prod.azureedge.us/sites/default/files/snap/FY2013SNAPApplicationProcessingTimeliness.pdf,
2012,MO,29,Missouri,84.72,,https://fns-prod.azureedge.us/sites/default/files/media/file/Application%20Processing%20Timeliness%20-%20FY2012.pdf,
2011,MO,29,Missouri,88.15,,https://fns-prod.azureedge.us/sites/default/files/media/file/Application%20Processing%20Timeliness%20-%20FY2011.pdf,
2022,MT,30,Montana,86.61,https://www.fns.usda.gov/snap/fy-2022-reported-application-processing-timeliness,,
2019,MT,30,Montana,91.18,https://www.fns.usda.gov/snap/fy-2019-reported-application-processing-timeliness,,
2018,MT,30,Montana,94.04,https://www.fns.usda.gov/snap/fy-2018-reported-application-processing-timeliness,,
2017,MT,30,Montana,95.24,,https://fns-prod.azureedge.us/sites/default/files/snap/FY2017ApplicationProcessingTimeliness.pdf,
2016,MT,30,Montana,91.69,,https://fns-prod.azureedge.us/sites/default/files/snap/FY2016ApplicationProcessingTimeliness.pdf,
2015,MT,30,Montana,93.71,,https://fns-prod.azureedge.us/sites/default/files/snap/FY2015ApplicationProcessingTimeliness.pdf,
2014,MT,30,Montana,93.29,,https://fns-prod.azureedge.us/sites/default/files/snap/FY2014ApplicationProcessingTimeliness.pdf,
2013,MT,30,Montana,88.62,,https://fns-prod.azureedge.us/sites/default/files/snap/FY2013SNAPApplicationProcessingTimeliness.pdf,
2012,MT,30,Montana,93.29,,https://fns-prod.azureedge.us/sites/default/files/media/file/Application%20Processing%20Timeliness%20-%20FY2012.pdf,
2011,MT,30,Montana,91.96,,https://fns-prod.azureedge.us/sites/default/files/media/file/Application%20Processing%20Timeliness%20-%20FY2011.pdf,
2022,NE,31,Nebraska,89.22,https://www.fns.usda.gov/snap/fy-2022-reported-application-processing-timeliness,,
2019,NE,31,Nebraska,95.74,https://www.fns.usda.gov/snap/fy-2019-reported-application-processing-timeliness,,
2018,NE,31,Nebraska,95.92,https://www.fns.usda.gov/snap/fy-2018-reported-application-processing-timeliness,,
2017,NE,31,Nebraska,93.67,,https://fns-prod.azureedge.us/sites/default/files/snap/FY2017ApplicationProcessingTimeliness.pdf,
2016,NE,31,Nebraska,94.54,,https://fns-prod.azureedge.us/sites/default/files/snap/FY2016ApplicationProcessingTimeliness.pdf,
2015,NE,31,Nebraska,90.68,,https://fns-prod.azureedge.us/sites/default/files/snap/FY2015ApplicationProcessingTimeliness.pdf,
2014,NE,31,Nebraska,65.8,,https://fns-prod.azureedge.us/sites/default/files/snap/FY2014ApplicationProcessingTimeliness.pdf,
2013,NE,31,Nebraska,68.03,,https://fns-prod.azureedge.us/sites/default/files/snap/FY2013SNAPApplicationProcessingTimeliness.pdf,
2012,NE,31,Nebraska,70.07,,https://fns-prod.azureedge.us/sites/default/files/media/file/Application%20Processing%20Timeliness%20-%20FY2012.pdf,
2011,NE,31,Nebraska,74.69,,https://fns-prod.azureedge.us/sites/default/files/media/file/Application%20Processing%20Timeliness%20-%20FY2011.pdf,
2022,NV,32,Nevada,96.48,https://www.fns.usda.gov/snap/fy-2022-reported-application-processing-timeliness,,
2019,NV,32,Nevada,97.7,https://www.fns.usda.gov/snap/fy-2019-reported-application-processing-timeliness,,
2018,NV,32,Nevada,96.68,https://www.fns.usda.gov/snap/fy-2018-reported-application-processing-timeliness,,
2017,NV,32,Nevada,95.63,,https://fns-prod.azureedge.us/sites/default/files/snap/FY2017ApplicationProcessingTimeliness.pdf,
2016,NV,32,Nevada,96.63,,https://fns-prod.azureedge.us/sites/default/files/snap/FY2016ApplicationProcessingTimeliness.pdf,
2015,NV,32,Nevada,91.15,,https://fns-prod.azureedge.us/sites/default/files/snap/FY2015ApplicationProcessingTimeliness.pdf,
2014,NV,32,Nevada,83.93,,https://fns-prod.azureedge.us/sites/default/files/snap/FY2014ApplicationProcessingTimeliness.pdf,
2013,NV,32,Nevada,73.9,,https://fns-prod.azureedge.us/sites/default/files/snap/FY2013SNAPApplicationProcessingTimeliness.pdf,
2012,NV,32,Nevada,81.96,,https://fns-prod.azureedge.us/sites/default/files/media/file/Application%20Processing%20Timeliness%20-%20FY2012.pdf,
2011,NV,32,Nevada,80.78,,https://fns-prod.azureedge.us/sites/default/files/media/file/Application%20Processing%20Timeliness%20-%20FY2011.pdf,
2022,NH,33,New Hampshire,92.63,https://www.fns.usda.gov/snap/fy-2022-reported-application-processing-timeliness,,
2019,NH,33,New Hampshire,90.24,https://www.fns.usda.gov/snap/fy-2019-reported-application-processing-timeliness,,
2018,NH,33,New Hampshire,93.79,https://www.fns.usda.gov/snap/fy-2018-reported-application-processing-timeliness,,
2017,NH,33,New Hampshire,97.08,,https://fns-prod.azureedge.us/sites/default/files/snap/FY2017ApplicationProcessingTimeliness.pdf,
2016,NH,33,New Hampshire,92.24,,https://fns-prod.azureedge.us/sites/default/files/snap/FY2016ApplicationProcessingTimeliness.pdf,
2015,NH,33,New Hampshire,96.94,,https://fns-prod.azureedge.us/sites/default/files/snap/FY2015ApplicationProcessingTimeliness.pdf,
2014,NH,33,New Hampshire,92.89,,https://fns-prod.azureedge.us/sites/default/files/snap/FY2014ApplicationProcessingTimeliness.pdf,
2013,NH,33,New Hampshire,91.12,,https://fns-prod.azureedge.us/sites/default/files/snap/FY2013SNAPApplicationProcessingTimeliness.pdf,
2012,NH,33,New Hampshire,91.58,,https://fns-prod.azureedge.us/sites/default/files/media/file/Application%20Processing%20Timeliness%20-%20FY2012.pdf,
2011,NH,33,New Hampshire,89.74,,https://fns-prod.azureedge.us/sites/default/files/media/file/Application%20Processing%20Timeliness%20-%20FY2011.pdf,
2022,NJ,34,New Jersey,95.21,https://www.fns.usda.gov/snap/fy-2022-reported-application-processing-timeliness,,
2019,NJ,34,New Jersey,85.51,https://www.fns.usda.gov/snap/fy-2019-reported-application-processing-timeliness,,
2018,NJ,34,New Jersey,81.36,https://www.fns.usda.gov/snap/fy-2018-reported-application-processing-timeliness,,
2017,NJ,34,New Jersey,85.87,,https://fns-prod.azureedge.us/sites/default/files/snap/FY2017ApplicationProcessingTimeliness.pdf,
2016,NJ,34,New Jersey,85.78,,https://fns-prod.azureedge.us/sites/default/files/snap/FY2016ApplicationProcessingTimeliness.pdf,
2015,NJ,34,New Jersey,85.25,,https://fns-prod.azureedge.us/sites/default/files/snap/FY2015ApplicationProcessingTimeliness.pdf,
2014,NJ,34,New Jersey,76.57,,https://fns-prod.azureedge.us/sites/default/files/snap/FY2014ApplicationProcessingTimeliness.pdf,
2013,NJ,34,New Jersey,68.81,,https://fns-prod.azureedge.us/sites/default/files/snap/FY2013SNAPApplicationProcessingTimeliness.pdf,
2012,NJ,34,New Jersey,60.7,,https://fns-prod.azureedge.us/sites/default/files/media/file/Application%20Processing%20Timeliness%20-%20FY2012.pdf,
2011,NJ,34,New Jersey,73.75,,https://fns-prod.azureedge.us/sites/default/files/media/file/Application%20Processing%20Timeliness%20-%20FY2011.pdf,
2022,NM,35,New Mexico,92.42,https://www.fns.usda.gov/snap/fy-2022-reported-application-processing-timeliness,,
2019,NM,35,New Mexico,99.19,https://www.fns.usda.gov/snap/fy-2019-reported-application-processing-timeliness,,
2018,NM,35,New Mexico,98.68,https://www.fns.usda.gov/snap/fy-2018-reported-application-processing-timeliness,,
2017,NM,35,New Mexico,97.67,,https://fns-prod.azureedge.us/sites/default/files/snap/FY2017ApplicationProcessingTimeliness.pdf,
2016,NM,35,New Mexico,86.81,,https://fns-prod.azureedge.us/sites/default/files/snap/FY2016ApplicationProcessingTimeliness.pdf,
2015,NM,35,New Mexico,98.63,,https://fns-prod.azureedge.us/sites/default/files/snap/FY2015ApplicationProcessingTimeliness.pdf,
2014,NM,35,New Mexico,85.75,,https://fns-prod.azureedge.us/sites/default/files/snap/FY2014ApplicationProcessingTimeliness.pdf,
2013,NM,35,New Mexico,98.64,,https://fns-prod.azureedge.us/sites/default/files/snap/FY2013SNAPApplicationProcessingTimeliness.pdf,
2012,NM,35,New Mexico,97.85,,https://fns-prod.azureedge.us/sites/default/files/media/file/Application%20Processing%20Timeliness%20-%20FY2012.pdf,
2011,NM,35,New Mexico,98.63,,https://fns-prod.azureedge.us/sites/default/files/media/file/Application%20Processing%20Timeliness%20-%20FY2011.pdf,
2022,NY,36,New York,71.08,https://www.fns.usda.gov/snap/fy-2022-reported-application-processing-timeliness,,
2019,NY,36,New York,88.89,https://www.fns.usda.gov/snap/fy-2019-reported-application-processing-timeliness,,
2018,NY,36,New York,88.59,https://www.fns.usda.gov/snap/fy-2018-reported-application-processing-timeliness,,
2017,NY,36,New York,90.77,,https://fns-prod.azureedge.us/sites/default/files/snap/FY2017ApplicationProcessingTimeliness.pdf,
2016,NY,36,New York,89.45,,https://fns-prod.azureedge.us/sites/default/files/snap/FY2016ApplicationProcessingTimeliness.pdf,
2015,NY,36,New York,87.08,,https://fns-prod.azureedge.us/sites/default/files/snap/FY2015ApplicationProcessingTimeliness.pdf,
2014,NY,36,New York,83.36,,https://fns-prod.azureedge.us/sites/default/files/snap/FY2014ApplicationProcessingTimeliness.pdf,
2013,NY,36,New York,91.89,,https://fns-prod.azureedge.us/sites/default/files/snap/FY2013SNAPApplicationProcessingTimeliness.pdf,
2012,NY,36,New York,90.38,,https://fns-prod.azureedge.us/sites/default/files/media/file/Application%20Processing%20Timeliness%20-%20FY2012.pdf,
2011,NY,36,New York,90.94,,https://fns-prod.azureedge.us/sites/default/files/media/file/Application%20Processing%20Timeliness%20-%20FY2011.pdf,
2022,NC,37,North Carolina,94.42,https://www.fns.usda.gov/snap/fy-2022-reported-application-processing-timeliness,,
2019,NC,37,North Carolina,95.74,https://www.fns.usda.gov/snap/fy-2019-reported-application-processing-timeliness,,
2018,NC,37,North Carolina,92.51,https://www.fns.usda.gov/snap/fy-2018-reported-application-processing-timeliness,,
2017,NC,37,North Carolina,96.56,,https://fns-prod.azureedge.us/sites/default/files/snap/FY2017ApplicationProcessingTimeliness.pdf,
2016,NC,37,North Carolina,92.67,,https://fns-prod.azureedge.us/sites/default/files/snap/FY2016ApplicationProcessingTimeliness.pdf,
2015,NC,37,North Carolina,82.69,,https://fns-prod.azureedge.us/sites/default/files/snap/FY2015ApplicationProcessingTimeliness.pdf,
2014,NC,37,North Carolina,72.63,,https://fns-prod.azureedge.us/sites/default/files/snap/FY2014ApplicationProcessingTimeliness.pdf,
2013,NC,37,North Carolina,75.36,,https://fns-prod.azureedge.us/sites/default/files/snap/FY2013SNAPApplicationProcessingTimeliness.pdf,
2012,NC,37,North Carolina,87.62,,https://fns-prod.azureedge.us/sites/default/files/media/file/Application%20Processing%20Timeliness%20-%20FY2012.pdf,
2011,NC,37,North Carolina,87,,https://fns-prod.azureedge.us/sites/default/files/media/file/Application%20Processing%20Timeliness%20-%20FY2011.pdf,
2022,ND,38,North Dakota,75.78,https://www.fns.usda.gov/snap/fy-2022-reported-application-processing-timeliness,,
2019,ND,38,North Dakota,88.28,https://www.fns.usda.gov/snap/fy-2019-reported-application-processing-timeliness,,
2018,ND,38,North Dakota,93.85,https://www.fns.usda.gov/snap/fy-2018-reported-application-processing-timeliness,,
2017,ND,38,North Dakota,92.72,,https://fns-prod.azureedge.us/sites/default/files/snap/FY2017ApplicationProcessingTimeliness.pdf,
2016,ND,38,North Dakota,97.25,,https://fns-prod.azureedge.us/sites/default/files/snap/FY2016ApplicationProcessingTimeliness.pdf,
2015,ND,38,North Dakota,96.38,,https://fns-prod.azureedge.us/sites/default/files/snap/FY2015ApplicationProcessingTimeliness.pdf,
2014,ND,38,North Dakota,97.14,,https://fns-prod.azureedge.us/sites/default/files/snap/FY2014ApplicationProcessingTimeliness.pdf,
2013,ND,38,North Dakota,97.24,,https://fns-prod.azureedge.us/sites/default/files/snap/FY2013SNAPApplicationProcessingTimeliness.pdf,
2012,ND,38,North Dakota,96.62,,https://fns-prod.azureedge.us/sites/default/files/media/file/Application%20Processing%20Timeliness%20-%20FY2012.pdf,
2011,ND,38,North Dakota,96.53,,https://fns-prod.azureedge.us/sites/default/files/media/file/Application%20Processing%20Timeliness%20-%20FY2011.pdf,
2022,OH,39,Ohio,93.16,https://www.fns.usda.gov/snap/fy-2022-reported-application-processing-timeliness,,
2019,OH,39,Ohio,91.55,https://www.fns.usda.gov/snap/fy-2019-reported-application-processing-timeliness,,
2018,OH,39,Ohio,85.77,https://www.fns.usda.gov/snap/fy-2018-reported-application-processing-timeliness,,
2017,OH,39,Ohio,91.85,,https://fns-prod.azureedge.us/sites/default/files/snap/FY2017ApplicationProcessingTimeliness.pdf,
2016,OH,39,Ohio,94.4,,https://fns-prod.azureedge.us/sites/default/files/snap/FY2016ApplicationProcessingTimeliness.pdf,
2015,OH,39,Ohio,86.27,,https://fns-prod.azureedge.us/sites/default/files/snap/FY2015ApplicationProcessingTimeliness.pdf,
2014,OH,39,Ohio,79.72,,https://fns-prod.azureedge.us/sites/default/files/snap/FY2014ApplicationProcessingTimeliness.pdf,
2013,OH,39,Ohio,80.47,,https://fns-prod.azureedge.us/sites/default/files/snap/FY2013SNAPApplicationProcessingTimeliness.pdf,
2012,OH,39,Ohio,79.56,,https://fns-prod.azureedge.us/sites/default/files/media/file/Application%20Processing%20Timeliness%20-%20FY2012.pdf,
2011,OH,39,Ohio,87.32,,https://fns-prod.azureedge.us/sites/default/files/media/file/Application%20Processing%20Timeliness%20-%20FY2011.pdf,
2022,OK,40,Oklahoma,87.88,https://www.fns.usda.gov/snap/fy-2022-reported-application-processing-timeliness,,
2019,OK,40,Oklahoma,96.19,https://www.fns.usda.gov/snap/fy-2019-reported-application-processing-timeliness,,
2018,OK,40,Oklahoma,93.6,https://www.fns.usda.gov/snap/fy-2018-reported-application-processing-timeliness,,
2017,OK,40,Oklahoma,93.11,,https://fns-prod.azureedge.us/sites/default/files/snap/FY2017ApplicationProcessingTimeliness.pdf,
2016,OK,40,Oklahoma,95.19,,https://fns-prod.azureedge.us/sites/default/files/snap/FY2016ApplicationProcessingTimeliness.pdf,
2015,OK,40,Oklahoma,95.16,,https://fns-prod.azureedge.us/sites/default/files/snap/FY2015ApplicationProcessingTimeliness.pdf,
2014,OK,40,Oklahoma,93.63,,https://fns-prod.azureedge.us/sites/default/files/snap/FY2014ApplicationProcessingTimeliness.pdf,
2013,OK,40,Oklahoma,91.5,,https://fns-prod.azureedge.us/sites/default/files/snap/FY2013SNAPApplicationProcessingTimeliness.pdf,
2012,OK,40,Oklahoma,92.05,,https://fns-prod.azureedge.us/sites/default/files/media/file/Application%20Processing%20Timeliness%20-%20FY2012.pdf,
2011,OK,40,Oklahoma,94.24,,https://fns-prod.azureedge.us/sites/default/files/media/file/Application%20Processing%20Timeliness%20-%20FY2011.pdf,
2022,OR,41,Oregon,74.46,https://www.fns.usda.gov/snap/fy-2022-reported-application-processing-timeliness,,
2019,OR,41,Oregon,92.27,https://www.fns.usda.gov/snap/fy-2019-reported-application-processing-timeliness,,
2018,OR,41,Oregon,96.06,https://www.fns.usda.gov/snap/fy-2018-reported-application-processing-timeliness,,
2017,OR,41,Oregon,94.33,,https://fns-prod.azureedge.us/sites/default/files/snap/FY2017ApplicationProcessingTimeliness.pdf,
2016,OR,41,Oregon,95.36,,https://fns-prod.azureedge.us/sites/default/files/snap/FY2016ApplicationProcessingTimeliness.pdf,
2015,OR,41,Oregon,95.54,,https://fns-prod.azureedge.us/sites/default/files/snap/FY2015ApplicationProcessingTimeliness.pdf,
2014,OR,41,Oregon,91.72,,https://fns-prod.azureedge.us/sites/default/files/snap/FY2014ApplicationProcessingTimeliness.pdf,
2013,OR,41,Oregon,90.58,,https://fns-prod.azureedge.us/sites/default/files/snap/FY2013SNAPApplicationProcessingTimeliness.pdf,
2012,OR,41,Oregon,92.98,,https://fns-prod.azureedge.us/sites/default/files/media/file/Application%20Processing%20Timeliness%20-%20FY2012.pdf,
2011,OR,41,Oregon,96.47,,https://fns-prod.azureedge.us/sites/default/files/media/file/Application%20Processing%20Timeliness%20-%20FY2011.pdf,
2022,PA,42,Pennsylvania,92.86,https://www.fns.usda.gov/snap/fy-2022-reported-application-processing-timeliness,,
2019,PA,42,Pennsylvania,95.93,https://www.fns.usda.gov/snap/fy-2019-reported-application-processing-timeliness,,
2018,PA,42,Pennsylvania,97.52,https://www.fns.usda.gov/snap/fy-2018-reported-application-processing-timeliness,,
2017,PA,42,Pennsylvania,98.67,,https://fns-prod.azureedge.us/sites/default/files/snap/FY2017ApplicationProcessingTimeliness.pdf,
2016,PA,42,Pennsylvania,95.98,,https://fns-prod.azureedge.us/sites/default/files/snap/FY2016ApplicationProcessingTimeliness.pdf,
2015,PA,42,Pennsylvania,93.59,,https://fns-prod.azureedge.us/sites/default/files/snap/FY2015ApplicationProcessingTimeliness.pdf,
2014,PA,42,Pennsylvania,85.54,,https://fns-prod.azureedge.us/sites/default/files/snap/FY2014ApplicationProcessingTimeliness.pdf,
2013,PA,42,Pennsylvania,80,,https://fns-prod.azureedge.us/sites/default/files/snap/FY2013SNAPApplicationProcessingTimeliness.pdf,
2012,PA,42,Pennsylvania,75.78,,https://fns-prod.azureedge.us/sites/default/files/media/file/Application%20Processing%20Timeliness%20-%20FY2012.pdf,
2011,PA,42,Pennsylvania,81.44,,https://fns-prod.azureedge.us/sites/default/files/media/file/Application%20Processing%20Timeliness%20-%20FY2011.pdf,
2022,RI,44,Rhode Island,91.74,https://www.fns.usda.gov/snap/fy-2022-reported-application-processing-timeliness,,
2019,RI,44,Rhode Island,98.47,https://www.fns.usda.gov/snap/fy-2019-reported-application-processing-timeliness,,
2018,RI,44,Rhode Island,92.41,https://www.fns.usda.gov/snap/fy-2018-reported-application-processing-timeliness,,
2017,RI,44,Rhode Island,85.25,,https://fns-prod.azureedge.us/sites/default/files/snap/FY2017ApplicationProcessingTimeliness.pdf,
2016,RI,44,Rhode Island,93.53,,https://fns-prod.azureedge.us/sites/default/files/snap/FY2016ApplicationProcessingTimeliness.pdf,
2015,RI,44,Rhode Island,93.23,,https://fns-prod.azureedge.us/sites/default/files/snap/FY2015ApplicationProcessingTimeliness.pdf,
2014,RI,44,Rhode Island,91.93,,https://fns-prod.azureedge.us/sites/default/files/snap/FY2014ApplicationProcessingTimeliness.pdf,
2013,RI,44,Rhode Island,91.87,,https://fns-prod.azureedge.us/sites/default/files/snap/FY2013SNAPApplicationProcessingTimeliness.pdf,
2012,RI,44,Rhode Island,91.49,,https://fns-prod.azureedge.us/sites/default/files/media/file/Application%20Processing%20Timeliness%20-%20FY2012.pdf,
2011,RI,44,Rhode Island,93.14,,https://fns-prod.azureedge.us/sites/default/files/media/file/Application%20Processing%20Timeliness%20-%20FY2011.pdf,
2022,SC,45,South Carolina,84.88,https://www.fns.usda.gov/snap/fy-2022-reported-application-processing-timeliness,,
2019,SC,45,South Carolina,81.03,https://www.fns.usda.gov/snap/fy-2019-reported-application-processing-timeliness,,
2018,SC,45,South Carolina,83.91,https://www.fns.usda.gov/snap/fy-2018-reported-application-processing-timeliness,,
2017,SC,45,South Carolina,86.19,,https://fns-prod.azureedge.us/sites/default/files/snap/FY2017ApplicationProcessingTimeliness.pdf,
2016,SC,45,South Carolina,86.72,,https://fns-prod.azureedge.us/sites/default/files/snap/FY2016ApplicationProcessingTimeliness.pdf,
2015,SC,45,South Carolina,88.93,,https://fns-prod.azureedge.us/sites/default/files/snap/FY2015ApplicationProcessingTimeliness.pdf,
2014,SC,45,South Carolina,89.4,,https://fns-prod.azureedge.us/sites/default/files/snap/FY2014ApplicationProcessingTimeliness.pdf,
2013,SC,45,South Carolina,76.76,,https://fns-prod.azureedge.us/sites/default/files/snap/FY2013SNAPApplicationProcessingTimeliness.pdf,
2012,SC,45,South Carolina,82.77,,https://fns-prod.azureedge.us/sites/default/files/media/file/Application%20Processing%20Timeliness%20-%20FY2012.pdf,
2011,SC,45,South Carolina,84.91,,https://fns-prod.azureedge.us/sites/default/files/media/file/Application%20Processing%20Timeliness%20-%20FY2011.pdf,
2022,SD,46,South Dakota,88.89,https://www.fns.usda.gov/snap/fy-2022-reported-application-processing-timeliness,,
2019,SD,46,South Dakota,94.02,https://www.fns.usda.gov/snap/fy-2019-reported-application-processing-timeliness,,
2018,SD,46,South Dakota,91.67,https://www.fns.usda.gov/snap/fy-2018-reported-application-processing-timeliness,,
2017,SD,46,South Dakota,92.73,,https://fns-prod.azureedge.us/sites/default/files/snap/FY2017ApplicationProcessingTimeliness.pdf,
2016,SD,46,South Dakota,94.77,,https://fns-prod.azureedge.us/sites/default/files/snap/FY2016ApplicationProcessingTimeliness.pdf,
2015,SD,46,South Dakota,94.39,,https://fns-prod.azureedge.us/sites/default/files/snap/FY2015ApplicationProcessingTimeliness.pdf,
2014,SD,46,South Dakota,91.85,,https://fns-prod.azureedge.us/sites/default/files/snap/FY2014ApplicationProcessingTimeliness.pdf,
2013,SD,46,South Dakota,96.02,,https://fns-prod.azureedge.us/sites/default/files/snap/FY2013SNAPApplicationProcessingTimeliness.pdf,
2012,SD,46,South Dakota,94.71,,https://fns-prod.azureedge.us/sites/default/files/media/file/Application%20Processing%20Timeliness%20-%20FY2012.pdf,
2011,SD,46,South Dakota,95.19,,https://fns-prod.azureedge.us/sites/default/files/media/file/Application%20Processing%20Timeliness%20-%20FY2011.pdf,
2022,TN,47,Tennessee,82.99,https://www.fns.usda.gov/snap/fy-2022-reported-application-processing-timeliness,,
2019,TN,47,Tennessee,90.37,https://www.fns.usda.gov/snap/fy-2019-reported-application-processing-timeliness,,
2018,TN,47,Tennessee,78.44,https://www.fns.usda.gov/snap/fy-2018-reported-application-processing-timeliness,,
2017,TN,47,Tennessee,81.12,,https://fns-prod.azureedge.us/sites/default/files/snap/FY2017ApplicationProcessingTimeliness.pdf,
2016,TN,47,Tennessee,87.14,,https://fns-prod.azureedge.us/sites/default/files/snap/FY2016ApplicationProcessingTimeliness.pdf,
2015,TN,47,Tennessee,90.53,,https://fns-prod.azureedge.us/sites/default/files/snap/FY2015ApplicationProcessingTimeliness.pdf,
2014,TN,47,Tennessee,84.59,,https://fns-prod.azureedge.us/sites/default/files/snap/FY2014ApplicationProcessingTimeliness.pdf,
2013,TN,47,Tennessee,78.44,,https://fns-prod.azureedge.us/sites/default/files/snap/FY2013SNAPApplicationProcessingTimeliness.pdf,
2012,TN,47,Tennessee,78.81,,https://fns-prod.azureedge.us/sites/default/files/media/file/Application%20Processing%20Timeliness%20-%20FY2012.pdf,
2011,TN,47,Tennessee,73.51,,https://fns-prod.azureedge.us/sites/default/files/media/file/Application%20Processing%20Timeliness%20-%20FY2011.pdf,
2022,TX,48,Texas,82.72,https://www.fns.usda.gov/snap/fy-2022-reported-application-processing-timeliness,,
2019,TX,48,Texas,95.06,https://www.fns.usda.gov/snap/fy-2019-reported-application-processing-timeliness,,
2018,TX,48,Texas,95.63,https://www.fns.usda.gov/snap/fy-2018-reported-application-processing-timeliness,,
2017,TX,48,Texas,94.98,,https://fns-prod.azureedge.us/sites/default/files/snap/FY2017ApplicationProcessingTimeliness.pdf,
2016,TX,48,Texas,90,,https://fns-prod.azureedge.us/sites/default/files/snap/FY2016ApplicationProcessingTimeliness.pdf,
2015,TX,48,Texas,88.57,,https://fns-prod.azureedge.us/sites/default/files/snap/FY2015ApplicationProcessingTimeliness.pdf,
2014,TX,48,Texas,90.06,,https://fns-prod.azureedge.us/sites/default/files/snap/FY2014ApplicationProcessingTimeliness.pdf,
2013,TX,48,Texas,93.53,,https://fns-prod.azureedge.us/sites/default/files/snap/FY2013SNAPApplicationProcessingTimeliness.pdf,
2012,TX,48,Texas,88.63,,https://fns-prod.azureedge.us/sites/default/files/media/file/Application%20Processing%20Timeliness%20-%20FY2012.pdf,
2011,TX,48,Texas,82.8,,https://fns-prod.azureedge.us/sites/default/files/media/file/Application%20Processing%20Timeliness%20-%20FY2011.pdf,
2022,UT,49,Utah,96.77,https://www.fns.usda.gov/snap/fy-2022-reported-application-processing-timeliness,,
2019,UT,49,Utah,95.14,https://www.fns.usda.gov/snap/fy-2019-reported-application-processing-timeliness,,
2018,UT,49,Utah,94.18,https://www.fns.usda.gov/snap/fy-2018-reported-application-processing-timeliness,,
2017,UT,49,Utah,97.78,,https://fns-prod.azureedge.us/sites/default/files/snap/FY2017ApplicationProcessingTimeliness.pdf,
2016,UT,49,Utah,93.99,,https://fns-prod.azureedge.us/sites/default/files/snap/FY2016ApplicationProcessingTimeliness.pdf,
2015,UT,49,Utah,95.71,,https://fns-prod.azureedge.us/sites/default/files/snap/FY2015ApplicationProcessingTimeliness.pdf,
2014,UT,49,Utah,89.64,,https://fns-prod.azureedge.us/sites/default/files/snap/FY2014ApplicationProcessingTimeliness.pdf,
2013,UT,49,Utah,93.75,,https://fns-prod.azureedge.us/sites/default/files/snap/FY2013SNAPApplicationProcessingTimeliness.pdf,
2012,UT,49,Utah,94.04,,https://fns-prod.azureedge.us/sites/default/files/media/file/Application%20Processing%20Timeliness%20-%20FY2012.pdf,
2011,UT,49,Utah,94.48,,https://fns-prod.azureedge.us/sites/default/files/media/file/Application%20Processing%20Timeliness%20-%20FY2011.pdf,
2022,VT,50,Vermont,89.36,https://www.fns.usda.gov/snap/fy-2022-reported-application-processing-timeliness,,
2019,VT,50,Vermont,94.52,https://www.fns.usda.gov/snap/fy-2019-reported-application-processing-timeliness,,
2018,VT,50,Vermont,87.79,https://www.fns.usda.gov/snap/fy-2018-reported-application-processing-timeliness,,
2017,VT,50,Vermont,90.86,,https://fns-prod.azureedge.us/sites/default/files/snap/FY2017ApplicationProcessingTimeliness.pdf,
2016,VT,50,Vermont,89.37,,https://fns-prod.azureedge.us/sites/default/files/snap/FY2016ApplicationProcessingTimeliness.pdf,
2015,VT,50,Vermont,91.35,,https://fns-prod.azureedge.us/sites/default/files/snap/FY2015ApplicationProcessingTimeliness.pdf,
2014,VT,50,Vermont,79.46,,https://fns-prod.azureedge.us/sites/default/files/snap/FY2014ApplicationProcessingTimeliness.pdf,
2013,VT,50,Vermont,85.58,,https://fns-prod.azureedge.us/sites/default/files/snap/FY2013SNAPApplicationProcessingTimeliness.pdf,
2012,VT,50,Vermont,73.6,,https://fns-prod.azureedge.us/sites/default/files/media/file/Application%20Processing%20Timeliness%20-%20FY2012.pdf,
2011,VT,50,Vermont,69.77,,https://fns-prod.azureedge.us/sites/default/files/media/file/Application%20Processing%20Timeliness%20-%20FY2011.pdf,
2022,VI,78,Virgin Islands,67.27,https://www.fns.usda.gov/snap/fy-2022-reported-application-processing-timeliness,,
2019,VI,78,Virgin Islands,76.92,https://www.fns.usda.gov/snap/fy-2019-reported-application-processing-timeliness,,
2018,VI,78,Virgin Islands,91.89,https://www.fns.usda.gov/snap/fy-2018-reported-application-processing-timeliness,,
2017,VI,78,Virgin Islands,87.5,,https://fns-prod.azureedge.us/sites/default/files/snap/FY2017ApplicationProcessingTimeliness.pdf,
2016,VI,78,Virgin Islands,86.15,,https://fns-prod.azureedge.us/sites/default/files/snap/FY2016ApplicationProcessingTimeliness.pdf,
2015,VI,78,Virgin Islands,85.92,,https://fns-prod.azureedge.us/sites/default/files/snap/FY2015ApplicationProcessingTimeliness.pdf,
2014,VI,78,Virgin Islands,93.66,,https://fns-prod.azureedge.us/sites/default/files/snap/FY2014ApplicationProcessingTimeliness.pdf,
2013,VI,78,Virgin Islands,83.36,,https://fns-prod.azureedge.us/sites/default/files/snap/FY2013SNAPApplicationProcessingTimeliness.pdf,
2012,VI,78,Virgin Islands,95.38,,https://fns-prod.azureedge.us/sites/default/files/media/file/Application%20Processing%20Timeliness%20-%20FY2012.pdf,
2011,VI,78,Virgin Islands,89.83,,https://fns-prod.azureedge.us/sites/default/files/media/file/Application%20Processing%20Timeliness%20-%20FY2011.pdf,
2022,VA,51,Virginia,89.11,https://www.fns.usda.gov/snap/fy-2022-reported-application-processing-timeliness,,
2019,VA,51,Virginia,88.59,https://www.fns.usda.gov/snap/fy-2019-reported-application-processing-timeliness,,
2018,VA,51,Virginia,88.09,https://www.fns.usda.gov/snap/fy-2018-reported-application-processing-timeliness,,
2017,VA,51,Virginia,87.23,,https://fns-prod.azureedge.us/sites/default/files/snap/FY2017ApplicationProcessingTimeliness.pdf,
2016,VA,51,Virginia,90.75,,https://fns-prod.azureedge.us/sites/default/files/snap/FY2016ApplicationProcessingTimeliness.pdf,
2015,VA,51,Virginia,91.48,,https://fns-prod.azureedge.us/sites/default/files/snap/FY2015ApplicationProcessingTimeliness.pdf,
2014,VA,51,Virginia,93.32,,https://fns-prod.azureedge.us/sites/default/files/snap/FY2014ApplicationProcessingTimeliness.pdf,
2013,VA,51,Virginia,91.57,,https://fns-prod.azureedge.us/sites/default/files/snap/FY2013SNAPApplicationProcessingTimeliness.pdf,
2012,VA,51,Virginia,91.98,,https://fns-prod.azureedge.us/sites/default/files/media/file/Application%20Processing%20Timeliness%20-%20FY2012.pdf,
2011,VA,51,Virginia,91.5,,https://fns-prod.azureedge.us/sites/default/files/media/file/Application%20Processing%20Timeliness%20-%20FY2011.pdf,
2022,WA,53,Washington,87.44,https://www.fns.usda.gov/snap/fy-2022-reported-application-processing-timeliness,,
2019,WA,53,Washington,94.66,https://www.fns.usda.gov/snap/fy-2019-reported-application-processing-timeliness,,
2018,WA,53,Washington,92.61,https://www.fns.usda.gov/snap/fy-2018-reported-application-processing-timeliness,,
2017,WA,53,Washington,93.2,,https://fns-prod.azureedge.us/sites/default/files/snap/FY2017ApplicationProcessingTimeliness.pdf,
2016,WA,53,Washington,90.22,,https://fns-prod.azureedge.us/sites/default/files/snap/FY2016ApplicationProcessingTimeliness.pdf,
2015,WA,53,Washington,90.67,,https://fns-prod.azureedge.us/sites/default/files/snap/FY2015ApplicationProcessingTimeliness.pdf,
2014,WA,53,Washington,93.13,,https://fns-prod.azureedge.us/sites/default/files/snap/FY2014ApplicationProcessingTimeliness.pdf,
2013,WA,53,Washington,93.1,,https://fns-prod.azureedge.us/sites/default/files/snap/FY2013SNAPApplicationProcessingTimeliness.pdf,
2012,WA,53,Washington,90.22,,https://fns-prod.azureedge.us/sites/default/files/media/file/Application%20Processing%20Timeliness%20-%20FY2012.pdf,
2011,WA,53,Washington,93.01,,https://fns-prod.azureedge.us/sites/default/files/media/file/Application%20Processing%20Timeliness%20-%20FY2011.pdf,
2022,WV,54,West Virginia,83.59,https://www.fns.usda.gov/snap/fy-2022-reported-application-processing-timeliness,,
2019,WV,54,West Virginia,91.54,https://www.fns.usda.gov/snap/fy-2019-reported-application-processing-timeliness,,
2018,WV,54,West Virginia,95.59,https://www.fns.usda.gov/snap/fy-2018-reported-application-processing-timeliness,,
2017,WV,54,West Virginia,87.01,,https://fns-prod.azureedge.us/sites/default/files/snap/FY2017ApplicationProcessingTimeliness.pdf,
2016,WV,54,West Virginia,88.93,,https://fns-prod.azureedge.us/sites/default/files/snap/FY2016ApplicationProcessingTimeliness.pdf,
2015,WV,54,West Virginia,84.54,,https://fns-prod.azureedge.us/sites/default/files/snap/FY2015ApplicationProcessingTimeliness.pdf,
2014,WV,54,West Virginia,91.15,,https://fns-prod.azureedge.us/sites/default/files/snap/FY2014ApplicationProcessingTimeliness.pdf,
2013,WV,54,West Virginia,90.1,,https://fns-prod.azureedge.us/sites/default/files/snap/FY2013SNAPApplicationProcessingTimeliness.pdf,
2012,WV,54,West Virginia,93.82,,https://fns-prod.azureedge.us/sites/default/files/media/file/Application%20Processing%20Timeliness%20-%20FY2012.pdf,
2011,WV,54,West Virginia,96.69,,https://fns-prod.azureedge.us/sites/default/files/media/file/Application%20Processing%20Timeliness%20-%20FY2011.pdf,
2022,WI,55,Wisconsin,97.74,https://www.fns.usda.gov/snap/fy-2022-reported-application-processing-timeliness,,
2019,WI,55,Wisconsin,96.8,https://www.fns.usda.gov/snap/fy-2019-reported-application-processing-timeliness,,
2018,WI,55,Wisconsin,97.39,https://www.fns.usda.gov/snap/fy-2018-reported-application-processing-timeliness,,
2017,WI,55,Wisconsin,96.15,,https://fns-prod.azureedge.us/sites/default/files/snap/FY2017ApplicationProcessingTimeliness.pdf,
2016,WI,55,Wisconsin,95.92,,https://fns-prod.azureedge.us/sites/default/files/snap/FY2016ApplicationProcessingTimeliness.pdf,
2015,WI,55,Wisconsin,93.33,,https://fns-prod.azureedge.us/sites/default/files/snap/FY2015ApplicationProcessingTimeliness.pdf,
2014,WI,55,Wisconsin,95.87,,https://fns-prod.azureedge.us/sites/default/files/snap/FY2014ApplicationProcessingTimeliness.pdf,
2013,WI,55,Wisconsin,91.85,,https://fns-prod.azureedge.us/sites/default/files/snap/FY2013SNAPApplicationProcessingTimeliness.pdf,
2012,WI,55,Wisconsin,87.14,,https://fns-prod.azureedge.us/sites/default/files/media/file/Application%20Processing%20Timeliness%20-%20FY2012.pdf,
2011,WI,55,Wisconsin,80.07,,https://fns-prod.azureedge.us/sites/default/files/media/file/Application%20Processing%20Timeliness%20-%20FY2011.pdf,
2022,WY,56,Wyoming,94.68,https://www.fns.usda.gov/snap/fy-2022-reported-application-processing-timeliness,,
2019,WY,56,Wyoming,97.85,https://www.fns.usda.gov/snap/fy-2019-reported-application-processing-timeliness,,
2018,WY,56,Wyoming,94.59,https://www.fns.usda.gov/snap/fy-2018-reported-application-processing-timeliness,,
2017,WY,56,Wyoming,95.95,,https://fns-prod.azureedge.us/sites/default/files/snap/FY2017ApplicationProcessingTimeliness.pdf,
2016,WY,56,Wyoming,95.62,,https://fns-prod.azureedge.us/sites/default/files/snap/FY2016ApplicationProcessingTimeliness.pdf,
2015,WY,56,Wyoming,96.32,,https://fns-prod.azureedge.us/sites/default/files/snap/FY2015ApplicationProcessingTimeliness.pdf,
2014,WY,56,Wyoming,94.7,,https://fns-prod.azureedge.us/sites/default/files/snap/FY2014ApplicationProcessingTimeliness.pdf,
2013,WY,56,Wyoming,90.18,,https://fns-prod.azureedge.us/sites/default/files/snap/FY2013SNAPApplicationProcessingTimeliness.pdf,
2012,WY,56,Wyoming,88.93,,https://fns-prod.azureedge.us/sites/default/files/media/file/Application%20Processing%20Timeliness%20-%20FY2012.pdf,
2011,WY,56,Wyoming,89.1,,https://fns-prod.azureedge.us/sites/default/files/media/file/Application%20Processing%20Timeliness%20-%20FY2011.pdf,
