Fiscal Year,State_Abbr,FIPS,State/Territory,Over Payments,Under Payments,Payment Error Rates,Source_Document
2003,AK,02,Alaska,10.84,3.04,13.88,
2004,AK,02,Alaska,4.98,1.98,6.96,
2005,AK,02,Alaska,5.64,0.87,6.51,
2006,AK,02,Alaska,5.25,0.56,5.81,
2007,AK,02,Alaska,2.86,1.19,4.04,
2008,AK,02,Alaska,4.97,2.51,7.48,
2009,AK,02,Alaska,2.29,1.52,3.81,
2010,AK,02,Alaska,2,0.14,2.15,
2011,AK,02,Alaska,0.53,0.24,0.76,
2012,AK,02,Alaska,0.85,0.21,1.07,
2013,AK,02,Alaska,1.21,0.06,1.27,
2014,AK,02,Alaska,0.77,0.13,0.89,
2017,AK,02,Alaska,5.8,1.47,7.27,
2018,AK,02,Alaska,4.66,1.71,6.37,
2019,AK,02,Alaska,9.07,2.12,11.19,https://fns-prod.azureedge.us/sites/default/files/resource-files/FY2019SNAPQCPaymentErrorRateChartGeneric.pdf
2022,AK,02,Alaska,56.69,0.29,56.97,https://fns-prod.azureedge.us/sites/default/files/resource-files/snap-fy22-qc-payment-error-rate.pdf
2023,AK,02,Alaska,59.59,0.78,60.37,https://fns-prod.azureedge.us/sites/default/files/resource-files/snap-fy23-qc-payment-error-rate.pdf
2003,AL,01,Alabama,6.87,1.14,8.02,
2004,AL,01,Alabama,7.02,0.98,8,
2005,AL,01,Alabama,3.25,0.43,3.68,
2006,AL,01,Alabama,3.05,0.75,3.8,
2007,AL,01,Alabama,3.75,1.03,4.78,
2008,AL,01,Alabama,3.27,0.96,4.23,
2009,AL,01,Alabama,3.03,0.54,3.57,
2010,AL,01,Alabama,3.31,0.44,3.75,
2011,AL,01,Alabama,4.18,0.91,5.1,
2012,AL,01,Alabama,1.62,0.23,1.85,
2013,AL,01,Alabama,1.43,0.27,1.7,
2014,AL,01,Alabama,1.26,0.77,2.03,
2017,AL,01,Alabama,3.15,1.04,4.19,
2018,AL,01,Alabama,3.93,0.66,4.59,
2019,AL,01,Alabama,6.87,0.42,7.29,https://fns-prod.azureedge.us/sites/default/files/resource-files/FY2019SNAPQCPaymentErrorRateChartGeneric.pdf
2022,AL,01,Alabama,3.96,0.72,4.68,https://fns-prod.azureedge.us/sites/default/files/resource-files/snap-fy22-qc-payment-error-rate.pdf
2023,AL,01,Alabama,5.44,1.64,7.07,https://fns-prod.azureedge.us/sites/default/files/resource-files/snap-fy23-qc-payment-error-rate.pdf
2003,AR,05,Arkansas,3.52,0.5,4.02,
2004,AR,05,Arkansas,4.07,1.26,5.34,
2005,AR,05,Arkansas,4.72,0.71,5.43,
2006,AR,05,Arkansas,6.33,0.82,7.15,
2007,AR,05,Arkansas,6.09,0.92,7.01,
2008,AR,05,Arkansas,5.2,0.9,6.1,
2009,AR,05,Arkansas,3.99,0.74,4.74,
2010,AR,05,Arkansas,4.79,0.85,5.64,
2011,AR,05,Arkansas,4.71,1.08,5.79,
2012,AR,05,Arkansas,4.06,0.7,4.76,
2013,AR,05,Arkansas,3.51,0.84,4.34,
2014,AR,05,Arkansas,4.81,0.77,5.58,
2017,AR,05,Arkansas,5.17,1.68,6.85,
2018,AR,05,Arkansas,4.77,0.83,5.6,
2019,AR,05,Arkansas,5.48,0.43,5.91,https://fns-prod.azureedge.us/sites/default/files/resource-files/FY2019SNAPQCPaymentErrorRateChartGeneric.pdf
2022,AR,05,Arkansas,10.21,1.1,11.31,https://fns-prod.azureedge.us/sites/default/files/resource-files/snap-fy22-qc-payment-error-rate.pdf
2023,AR,05,Arkansas,8.76,0.81,9.57,https://fns-prod.azureedge.us/sites/default/files/resource-files/snap-fy23-qc-payment-error-rate.pdf
2003,AZ,04,Arizona,4.71,1.13,5.83,
2004,AZ,04,Arizona,5.12,1.42,6.54,
2005,AZ,04,Arizona,6.02,1.59,7.61,
2006,AZ,04,Arizona,6.84,1.42,8.26,
2007,AZ,04,Arizona,3.73,1.14,4.87,
2008,AZ,04,Arizona,3.24,1.44,4.68,
2009,AZ,04,Arizona,3.57,2.42,5.99,
2010,AZ,04,Arizona,4.93,1.76,6.69,
2011,AZ,04,Arizona,4.65,1.69,6.34,
2012,AZ,04,Arizona,4.27,1.33,5.6,
2013,AZ,04,Arizona,3.99,1.49,5.48,
2014,AZ,04,Arizona,4.07,1.11,5.18,
2015,AZ,04,Arizona,3.7,1.01,4.7,
2017,AZ,04,Arizona,7.55,1.54,9.08,
2018,AZ,04,Arizona,4.95,1.04,5.99,
2019,AZ,04,Arizona,4.41,0.84,5.24,https://fns-prod.azureedge.us/sites/default/files/resource-files/FY2019SNAPQCPaymentErrorRateChartGeneric.pdf
2022,AZ,04,Arizona,9.62,1.77,11.39,https://fns-prod.azureedge.us/sites/default/files/resource-files/snap-fy22-qc-payment-error-rate.pdf
2023,AZ,04,Arizona,9.72,1.67,11.39,https://fns-prod.azureedge.us/sites/default/files/resource-files/snap-fy23-qc-payment-error-rate.pdf
2003,CA,06,California,5.71,2.25,7.96,
2004,CA,06,California,4.73,1.6,6.32,
2005,CA,06,California,4.27,2.12,6.38,
2006,CA,06,California,5.28,1.7,6.98,
2007,CA,06,California,4.08,1.23,5.31,
2008,CA,06,California,4.07,1.7,5.77,
2009,CA,06,California,3.07,1.29,4.36,
2010,CA,06,California,3.56,1.26,4.81,
2011,CA,06,California,2.65,1.92,4.58,
2012,CA,06,California,3.06,0.93,3.98,
2013,CA,06,California,2.82,0.81,3.63,
2014,CA,06,California,4.14,0.99,5.13,
2017,CA,06,California,6.61,1.33,7.93,
2018,CA,06,California,5.96,1.3,7.25,
2019,CA,06,California,6.42,0.89,7.31,https://fns-prod.azureedge.us/sites/default/files/resource-files/FY2019SNAPQCPaymentErrorRateChartGeneric.pdf
2022,CA,06,California,9.59,1.51,11.1,https://fns-prod.azureedge.us/sites/default/files/resource-files/snap-fy22-qc-payment-error-rate.pdf
2023,CA,06,California,11.61,1.78,13.4,https://fns-prod.azureedge.us/sites/default/files/resource-files/snap-fy23-qc-payment-error-rate.pdf
2003,CO,08,Colorado,6.08,1.32,7.4,
2004,CO,08,Colorado,2.33,0.6,2.93,
2005,CO,08,Colorado,5.02,2.4,7.42,
2006,CO,08,Colorado,5.27,1.41,6.68,
2007,CO,08,Colorado,5.15,1.89,7.05,
2008,CO,08,Colorado,2.6,0.72,3.32,
2009,CO,08,Colorado,2.05,0.67,2.72,
2010,CO,08,Colorado,1.72,1.46,3.18,
2011,CO,08,Colorado,3.25,1.19,4.45,
2012,CO,08,Colorado,3.23,1.32,4.55,
2013,CO,08,Colorado,4.12,1.47,5.59,
2014,CO,08,Colorado,3.27,0.99,4.26,
2017,CO,08,Colorado,4.75,1.48,6.22,
2018,CO,08,Colorado,4.04,1.39,5.43,
2019,CO,08,Colorado,6.91,1.76,8.67,https://fns-prod.azureedge.us/sites/default/files/resource-files/FY2019SNAPQCPaymentErrorRateChartGeneric.pdf
2022,CO,08,Colorado,5.29,2.02,7.31,https://fns-prod.azureedge.us/sites/default/files/resource-files/snap-fy22-qc-payment-error-rate.pdf
2023,CO,08,Colorado,6.45,2.16,8.61,https://fns-prod.azureedge.us/sites/default/files/resource-files/snap-fy23-qc-payment-error-rate.pdf
2003,CT,09,Connecticut,7.02,1.75,8.77,
2004,CT,09,Connecticut,3.62,1.32,4.94,
2005,CT,09,Connecticut,5.01,1.61,6.61,
2006,CT,09,Connecticut,3.89,1.57,5.46,
2007,CT,09,Connecticut,4.41,2.1,6.51,
2008,CT,09,Connecticut,6.18,1.97,8.16,
2009,CT,09,Connecticut,4.3,0.85,5.15,
2010,CT,09,Connecticut,6.23,1.43,7.66,
2011,CT,09,Connecticut,4.42,2.04,6.46,
2012,CT,09,Connecticut,4.75,1.24,5.99,
2013,CT,09,Connecticut,5.58,1.55,7.13,
2014,CT,09,Connecticut,4.89,0.95,5.84,
2017,CT,09,Connecticut,4.71,0.87,5.58,
2018,CT,09,Connecticut,6.72,2.05,8.77,
2019,CT,09,Connecticut,9.08,1.42,10.5,https://fns-prod.azureedge.us/sites/default/files/resource-files/FY2019SNAPQCPaymentErrorRateChartGeneric.pdf
2022,CT,09,Connecticut,7.21,1.73,8.93,https://fns-prod.azureedge.us/sites/default/files/resource-files/snap-fy22-qc-payment-error-rate.pdf
2023,CT,09,Connecticut,7.33,1.58,8.91,https://fns-prod.azureedge.us/sites/default/files/resource-files/snap-fy23-qc-payment-error-rate.pdf
2003,DC,11,District of Columbia,7.08,1.89,8.97,
2004,DC,11,District of Columbia,4.75,0.9,5.65,
2005,DC,11,District of Columbia,8.21,1.69,9.89,
2006,DC,11,District of Columbia,7.74,1.88,9.62,
2007,DC,11,District of Columbia,6.53,1.8,8.34,
2008,DC,11,District of Columbia,4.61,1.65,6.26,
2009,DC,11,District of Columbia,3.35,0.57,3.92,
2010,DC,11,District of Columbia,3.76,0.71,4.47,
2011,DC,11,District of Columbia,1.83,1.2,3.03,
2012,DC,11,District of Columbia,3.24,0.67,3.91,
2013,DC,11,District of Columbia,5.98,0.89,6.87,
2014,DC,11,District of Columbia,6.14,1.24,7.38,
2017,DC,11,District of Columbia,8.72,1.99,10.7,
2018,DC,11,District of Columbia,13.69,2.65,16.33,
2019,DC,11,District of Columbia,13.3,2.44,15.74,https://fns-prod.azureedge.us/sites/default/files/resource-files/FY2019SNAPQCPaymentErrorRateChartGeneric.pdf
2022,DC,11,District of Columbia,14.55,4.4,18.95,https://fns-prod.azureedge.us/sites/default/files/resource-files/snap-fy22-qc-payment-error-rate.pdf
2023,DC,11,District of Columbia,15.68,4.58,20.26,https://fns-prod.azureedge.us/sites/default/files/resource-files/snap-fy23-qc-payment-error-rate.pdf
2003,DE,10,Delaware,4.07,1.31,5.38,
2004,DE,10,Delaware,4.29,1.95,6.24,
2005,DE,10,Delaware,4.3,2.16,6.46,
2006,DE,10,Delaware,6.56,1.35,7.92,
2007,DE,10,Delaware,7.46,1.9,9.36,
2008,DE,10,Delaware,4.36,1.16,5.52,
2009,DE,10,Delaware,0.77,0.37,1.15,
2010,DE,10,Delaware,1.11,0.41,1.52,
2011,DE,10,Delaware,2.01,0.52,2.53,
2012,DE,10,Delaware,2.99,0.41,3.41,
2013,DE,10,Delaware,2.7,0.83,3.53,
2014,DE,10,Delaware,2.25,0.53,2.78,
2017,DE,10,Delaware,12.27,1.67,13.95,
2018,DE,10,Delaware,11.95,1.29,13.24,
2019,DE,10,Delaware,11.04,2.12,13.16,https://fns-prod.azureedge.us/sites/default/files/resource-files/FY2019SNAPQCPaymentErrorRateChartGeneric.pdf
2022,DE,10,Delaware,18.61,3.83,22.43,https://fns-prod.azureedge.us/sites/default/files/resource-files/snap-fy22-qc-payment-error-rate.pdf
2023,DE,10,Delaware,19.23,3.57,22.8,https://fns-prod.azureedge.us/sites/default/files/resource-files/snap-fy23-qc-payment-error-rate.pdf
2003,FL,12,Florida,5.5,2.5,7.93,
2004,FL,12,Florida,5.24,0.92,6.16,
2005,FL,12,Florida,5.88,1.32,7.19,
2006,FL,12,Florida,6.95,1.65,8.59,
2007,FL,12,Florida,3.94,0.21,4.15,
2008,FL,12,Florida,0.81,0.04,0.85,
2009,FL,12,Florida,0.53,0.16,0.7,
2010,FL,12,Florida,0.74,0.04,0.78,
2011,FL,12,Florida,0.68,0.19,0.87,
2012,FL,12,Florida,0.59,0.17,0.77,
2013,FL,12,Florida,0.52,0.28,0.81,
2014,FL,12,Florida,0.38,0.05,0.42,
2017,FL,12,Florida,5.28,1.14,6.42,
2018,FL,12,Florida,3.9,0.49,4.39,
2019,FL,12,Florida,4.56,0.77,5.33,https://fns-prod.azureedge.us/sites/default/files/resource-files/FY2019SNAPQCPaymentErrorRateChartGeneric.pdf
2022,FL,12,Florida,7.45,1.15,8.59,https://fns-prod.azureedge.us/sites/default/files/resource-files/snap-fy22-qc-payment-error-rate.pdf
2023,FL,12,Florida,11.25,1.35,12.6,https://fns-prod.azureedge.us/sites/default/files/resource-files/snap-fy23-qc-payment-error-rate.pdf
2003,GA,13,Georgia,4,1.16,5.15,
2004,GA,13,Georgia,5.26,0.95,6.21,
2005,GA,13,Georgia,4.31,0.58,4.89,
2006,GA,13,Georgia,6.38,0.78,7.16,
2007,GA,13,Georgia,7.22,0.91,8.13,
2008,GA,13,Georgia,2.02,0.48,2.5,
2009,GA,13,Georgia,1.91,0.19,2.1,
2010,GA,13,Georgia,1.64,0.35,1.99,
2011,GA,13,Georgia,1.97,0.74,2.71,
2012,GA,13,Georgia,2.41,0.78,3.18,
2013,GA,13,Georgia,4.48,0.63,5.11,
2014,GA,13,Georgia,4.93,1.55,6.49,
2017,GA,13,Georgia,5.5,1.03,6.53,
2018,GA,13,Georgia,7.39,1.72,9.11,
2019,GA,13,Georgia,7.45,1.85,9.3,https://fns-prod.azureedge.us/sites/default/files/resource-files/FY2019SNAPQCPaymentErrorRateChartGeneric.pdf
2022,GA,13,Georgia,11.75,3.23,14.98,https://fns-prod.azureedge.us/sites/default/files/resource-files/snap-fy22-qc-payment-error-rate.pdf
2023,GA,13,Georgia,9.12,2.95,12.07,https://fns-prod.azureedge.us/sites/default/files/resource-files/snap-fy23-qc-payment-error-rate.pdf
2003,GU,66,Guam,4.64,2.4,7.04,
2004,GU,66,Guam,3.81,2.8,6.61,
2005,GU,66,Guam,4.08,2.12,6.2,
2006,GU,66,Guam,4.71,1.75,6.45,
2007,GU,66,Guam,4.45,2.1,6.55,
2008,GU,66,Guam,6.93,2.43,9.36,
2009,GU,66,Guam,3.23,1,4.24,
2010,GU,66,Guam,4.17,1.25,5.42,
2011,GU,66,Guam,4.6,1.65,6.25,
2012,GU,66,Guam,5.83,1.51,7.33,
2013,GU,66,Guam,5.47,1.18,6.65,
2014,GU,66,Guam,5.13,1.96,7.08,
2015,GU,66,Guam,6.41,2.12,8.53,
2017,GU,66,Guam,5,2.56,7.56,
2018,GU,66,Guam,6.82,2.28,9.09,
2019,GU,66,Guam,9.74,2.15,11.89,https://fns-prod.azureedge.us/sites/default/files/resource-files/FY2019SNAPQCPaymentErrorRateChartGeneric.pdf
2022,GU,66,Guam,12.68,3.63,16.31,https://fns-prod.azureedge.us/sites/default/files/resource-files/snap-fy22-qc-payment-error-rate.pdf
2023,GU,66,Guam,15.22,2.79,18.01,https://fns-prod.azureedge.us/sites/default/files/resource-files/snap-fy23-qc-payment-error-rate.pdf
2003,HI,15,Hawaii,3.45,1.33,4.78,
2004,HI,15,Hawaii,3.45,0.9,4.35,
2005,HI,15,Hawaii,3.95,1.68,5.63,
2006,HI,15,Hawaii,2.33,1.06,3.4,
2007,HI,15,Hawaii,2.61,0.59,3.2,
2008,HI,15,Hawaii,2.15,1.3,3.45,
2009,HI,15,Hawaii,2.92,0.56,3.48,
2010,HI,15,Hawaii,2.28,0.76,3.04,
2011,HI,15,Hawaii,2.76,0.61,3.37,
2012,HI,15,Hawaii,3.88,0.96,4.84,
2013,HI,15,Hawaii,3.85,0.54,4.39,
2014,HI,15,Hawaii,3.44,0.69,4.13,
2017,HI,15,Hawaii,4.74,1.1,5.84,
2018,HI,15,Hawaii,3.67,0.81,4.48,
2019,HI,15,Hawaii,4.45,1.76,6.21,https://fns-prod.azureedge.us/sites/default/files/resource-files/FY2019SNAPQCPaymentErrorRateChartGeneric.pdf
2022,HI,15,Hawaii,19.65,2.13,21.78,https://fns-prod.azureedge.us/sites/default/files/resource-files/snap-fy22-qc-payment-error-rate.pdf
2023,HI,15,Hawaii,19.97,0.97,20.94,https://fns-prod.azureedge.us/sites/default/files/resource-files/snap-fy23-qc-payment-error-rate.pdf
2003,IA,19,Iowa,4.13,1.1,5.23,
2004,IA,19,Iowa,4.98,1.2,6.19,
2005,IA,19,Iowa,5.22,0.8,6.03,
2006,IA,19,Iowa,4.71,1.69,6.4,
2007,IA,19,Iowa,5.32,1.53,6.85,
2008,IA,19,Iowa,6.43,1.57,8.01,
2009,IA,19,Iowa,5.62,0.86,6.49,
2010,IA,19,Iowa,2.72,0.64,3.36,
2011,IA,19,Iowa,3.53,0.44,3.97,
2012,IA,19,Iowa,3.13,0.3,3.43,
2013,IA,19,Iowa,3.75,0.37,4.12,
2014,IA,19,Iowa,3.59,1.01,4.6,
2017,IA,19,Iowa,8.36,1.25,9.61,
2018,IA,19,Iowa,8.91,1.11,10.02,
2019,IA,19,Iowa,10.78,1.68,12.47,https://fns-prod.azureedge.us/sites/default/files/resource-files/FY2019SNAPQCPaymentErrorRateChartGeneric.pdf
2022,IA,19,Iowa,6.78,1.82,8.6,https://fns-prod.azureedge.us/sites/default/files/resource-files/snap-fy22-qc-payment-error-rate.pdf
2023,IA,19,Iowa,4.43,0.76,5.19,https://fns-prod.azureedge.us/sites/default/files/resource-files/snap-fy23-qc-payment-error-rate.pdf
2003,ID,16,Idaho,7.9,3.41,11.31,
2004,ID,16,Idaho,6.13,2.92,9.05,
2005,ID,16,Idaho,6.03,2.31,8.34,
2006,ID,16,Idaho,3.78,0.87,4.64,
2007,ID,16,Idaho,3.54,0.9,4.44,
2008,ID,16,Idaho,2.78,0.8,3.59,
2009,ID,16,Idaho,2.05,0.65,2.69,
2010,ID,16,Idaho,2.53,0.79,3.32,
2011,ID,16,Idaho,1.94,0.58,2.52,
2012,ID,16,Idaho,2.16,0.33,2.49,
2013,ID,16,Idaho,1.56,0.3,1.86,
2014,ID,16,Idaho,2.4,0.33,2.74,
2017,ID,16,Idaho,2.05,0.33,2.38,
2018,ID,16,Idaho,1.83,0.3,2.13,
2019,ID,16,Idaho,1.02,0.23,1.25,https://fns-prod.azureedge.us/sites/default/files/resource-files/FY2019SNAPQCPaymentErrorRateChartGeneric.pdf
2022,ID,16,Idaho,3.26,0.18,3.44,https://fns-prod.azureedge.us/sites/default/files/resource-files/snap-fy22-qc-payment-error-rate.pdf
2023,ID,16,Idaho,2.96,0.46,3.42,https://fns-prod.azureedge.us/sites/default/files/resource-files/snap-fy23-qc-payment-error-rate.pdf
2003,IL,17,Illinois,4.1,0.77,4.87,
2004,IL,17,Illinois,4.66,0.95,5.61,
2005,IL,17,Illinois,4.76,1,5.75,
2006,IL,17,Illinois,4.61,1.48,6.09,
2007,IL,17,Illinois,4.44,0.71,5.15,
2008,IL,17,Illinois,3.39,0.91,4.3,
2009,IL,17,Illinois,5.6,0.57,6.17,
2010,IL,17,Illinois,1.29,0.41,1.7,
2011,IL,17,Illinois,2.47,0.68,3.15,
2012,IL,17,Illinois,1.24,0.5,1.74,
2013,IL,17,Illinois,3.46,0.81,4.27,
2014,IL,17,Illinois,4.34,0.93,5.27,
2017,IL,17,Illinois,5.01,0.71,5.73,
2018,IL,17,Illinois,7.89,1.72,9.61,
2019,IL,17,Illinois,7.42,1.41,8.84,https://fns-prod.azureedge.us/sites/default/files/resource-files/FY2019SNAPQCPaymentErrorRateChartGeneric.pdf
2022,IL,17,Illinois,9.67,1.24,10.91,https://fns-prod.azureedge.us/sites/default/files/resource-files/snap-fy22-qc-payment-error-rate.pdf
2023,IL,17,Illinois,8,1.91,9.91,https://fns-prod.azureedge.us/sites/default/files/resource-files/snap-fy23-qc-payment-error-rate.pdf
2003,IN,18,Indiana,7.94,2.06,10,
2004,IN,18,Indiana,4.35,1.48,5.84,
2005,IN,18,Indiana,5.47,1.11,6.58,
2006,IN,18,Indiana,4.98,1.66,6.64,
2007,IN,18,Indiana,5.52,1.42,6.94,
2008,IN,18,Indiana,5.91,1.6,7.51,
2009,IN,18,Indiana,5.45,1.68,7.13,
2010,IN,18,Indiana,2.05,0.55,2.6,
2011,IN,18,Indiana,2.7,0.59,3.29,
2012,IN,18,Indiana,2.66,0.36,3.02,
2013,IN,18,Indiana,3.22,0.49,3.72,
2014,IN,18,Indiana,3.84,0.92,4.76,
2017,IN,18,Indiana,8.84,1.05,9.89,
2018,IN,18,Indiana,6.24,0.94,7.18,
2019,IN,18,Indiana,7.69,1.51,9.2,https://fns-prod.azureedge.us/sites/default/files/resource-files/FY2019SNAPQCPaymentErrorRateChartGeneric.pdf
2022,IN,18,Indiana,6.59,2.1,8.69,https://fns-prod.azureedge.us/sites/default/files/resource-files/snap-fy22-qc-payment-error-rate.pdf
2023,IN,18,Indiana,8.96,1.5,10.46,https://fns-prod.azureedge.us/sites/default/files/resource-files/snap-fy23-qc-payment-error-rate.pdf
2003,KS,20,Kansas,8.04,2.41,10.45,
2004,KS,20,Kansas,4.16,0.95,5.11,
2005,KS,20,Kansas,3.47,0.91,4.37,
2006,KS,20,Kansas,5.09,1.3,6.39,
2007,KS,20,Kansas,3.03,0.67,3.7,
2008,KS,20,Kansas,3.6,0.41,4.01,
2009,KS,20,Kansas,3.55,0.82,4.37,
2010,KS,20,Kansas,3.93,0.86,4.79,
2011,KS,20,Kansas,3.83,1.17,5,
2012,KS,20,Kansas,4.59,0.85,5.45,
2013,KS,20,Kansas,3.24,0.75,3.99,
2014,KS,20,Kansas,0.6,0.14,0.75,
2015,KS,20,Kansas,0.69,0.34,1.04,
2017,KS,20,Kansas,2.9,0.95,3.85,
2018,KS,20,Kansas,4.83,1.03,5.86,
2019,KS,20,Kansas,6.59,0.51,7.1,https://fns-prod.azureedge.us/sites/default/files/resource-files/FY2019SNAPQCPaymentErrorRateChartGeneric.pdf
2022,KS,20,Kansas,8.74,0.33,9.07,https://fns-prod.azureedge.us/sites/default/files/resource-files/snap-fy22-qc-payment-error-rate.pdf
2023,KS,20,Kansas,11.33,0.74,12.07,https://fns-prod.azureedge.us/sites/default/files/resource-files/snap-fy23-qc-payment-error-rate.pdf
2003,KY,21,Kentucky,5.1,1.22,6.32,
2004,KY,21,Kentucky,4.67,0.96,5.63,
2005,KY,21,Kentucky,3.57,0.99,4.56,
2006,KY,21,Kentucky,5.1,0.85,5.95,
2007,KY,21,Kentucky,4.25,0.68,4.93,
2008,KY,21,Kentucky,5.12,1.24,6.36,
2009,KY,21,Kentucky,3.72,0.98,4.7,
2010,KY,21,Kentucky,3.08,1.01,4.09,
2011,KY,21,Kentucky,3.92,0.58,4.5,
2012,KY,21,Kentucky,4.13,0.79,4.93,
2013,KY,21,Kentucky,5.32,0.45,5.78,
2014,KY,21,Kentucky,5,1,6,
2017,KY,21,Kentucky,5.63,0.69,6.32,
2018,KY,21,Kentucky,6.42,0.76,7.17,
2019,KY,21,Kentucky,5.91,1.2,7.11,https://fns-prod.azureedge.us/sites/default/files/resource-files/FY2019SNAPQCPaymentErrorRateChartGeneric.pdf
2022,KY,21,Kentucky,5.05,0.78,5.83,https://fns-prod.azureedge.us/sites/default/files/resource-files/snap-fy22-qc-payment-error-rate.pdf
2023,KY,21,Kentucky,6.32,0.95,7.27,https://fns-prod.azureedge.us/sites/default/files/resource-files/snap-fy23-qc-payment-error-rate.pdf
2003,LA,22,Louisiana,4.41,1.38,5.79,
2004,LA,22,Louisiana,3.69,1.13,4.81,
2005,LA,22,Louisiana,4.95,0.88,5.83,
2006,LA,22,Louisiana,7.11,0.89,8,
2007,LA,22,Louisiana,5.95,0.99,6.94,
2008,LA,22,Louisiana,5.49,1.22,6.71,
2009,LA,22,Louisiana,4.03,0.78,4.81,
2010,LA,22,Louisiana,4.41,0.61,5.03,
2011,LA,22,Louisiana,3.56,0.41,3.97,
2012,LA,22,Louisiana,1.45,0,1.45,
2013,LA,22,Louisiana,1.15,0.29,1.44,
2014,LA,22,Louisiana,1.06,0.49,1.55,
2017,LA,22,Louisiana,5.51,1.04,6.56,
2018,LA,22,Louisiana,2.17,0.53,2.7,
2019,LA,22,Louisiana,3.26,0.53,3.79,https://fns-prod.azureedge.us/sites/default/files/resource-files/FY2019SNAPQCPaymentErrorRateChartGeneric.pdf
2022,LA,22,Louisiana,6,1.2,7.19,https://fns-prod.azureedge.us/sites/default/files/resource-files/snap-fy22-qc-payment-error-rate.pdf
2023,LA,22,Louisiana,5.2,1.44,6.65,https://fns-prod.azureedge.us/sites/default/files/resource-files/snap-fy23-qc-payment-error-rate.pdf
2003,MA,25,Massachusetts,3.57,1.42,4.99,
2004,MA,25,Massachusetts,2.98,1.78,4.76,
2005,MA,25,Massachusetts,2.91,0.97,3.88,
2006,MA,25,Massachusetts,2.17,1.38,3.55,
2007,MA,25,Massachusetts,3.11,1.26,4.38,
2008,MA,25,Massachusetts,4.03,0.5,4.53,
2009,MA,25,Massachusetts,3.52,0.87,4.39,
2010,MA,25,Massachusetts,4.91,0.99,5.9,
2011,MA,25,Massachusetts,3.87,0.53,4.4,
2012,MA,25,Massachusetts,3.62,0.41,4.03,
2013,MA,25,Massachusetts,2.4,0.47,2.87,
2014,MA,25,Massachusetts,4.29,0.79,5.09,
2015,MA,25,Massachusetts,4.59,0.66,5.25,
2017,MA,25,Massachusetts,3.09,0.95,4.04,
2018,MA,25,Massachusetts,3.2,1.26,4.46,
2019,MA,25,Massachusetts,3.96,0.93,4.89,https://fns-prod.azureedge.us/sites/default/files/resource-files/FY2019SNAPQCPaymentErrorRateChartGeneric.pdf
2022,MA,25,Massachusetts,10.77,1,11.77,https://fns-prod.azureedge.us/sites/default/files/resource-files/snap-fy22-qc-payment-error-rate.pdf
2023,MA,25,Massachusetts,8.97,0.89,9.86,https://fns-prod.azureedge.us/sites/default/files/resource-files/snap-fy23-qc-payment-error-rate.pdf
2003,MD,24,Maryland,5.12,2.11,7.23,
2004,MD,24,Maryland,4.4,1.43,5.83,
2005,MD,24,Maryland,4.03,1.45,5.49,
2006,MD,24,Maryland,4.97,1.07,6.04,
2007,MD,24,Maryland,5.97,1.23,7.2,
2008,MD,24,Maryland,5.19,1.75,6.94,
2009,MD,24,Maryland,5.66,1.45,7.11,
2010,MD,24,Maryland,6.11,1.57,7.68,
2011,MD,24,Maryland,4.82,1.24,6.06,
2012,MD,24,Maryland,2.8,0.61,3.4,
2013,MD,24,Maryland,1.68,0.43,2.12,
2014,MD,24,Maryland,2.88,0.54,3.41,
2017,MD,24,Maryland,5.21,1.23,6.44,
2018,MD,24,Maryland,6.22,1.1,7.32,
2019,MD,24,Maryland,6.82,1.61,8.43,https://fns-prod.azureedge.us/sites/default/files/resource-files/FY2019SNAPQCPaymentErrorRateChartGeneric.pdf
2022,MD,24,Maryland,32.65,2.91,35.56,https://fns-prod.azureedge.us/sites/default/files/resource-files/snap-fy22-qc-payment-error-rate.pdf
2023,MD,24,Maryland,15.07,3.91,18.98,https://fns-prod.azureedge.us/sites/default/files/resource-files/snap-fy23-qc-payment-error-rate.pdf
2003,ME,23,Maine,10.16,3.13,13.29,
2004,ME,23,Maine,8.93,2.04,10.97,
2005,ME,23,Maine,6.17,1.43,7.59,
2006,ME,23,Maine,7.94,1.61,9.55,
2007,ME,23,Maine,9.11,1.42,10.54,
2008,ME,23,Maine,7.56,0.81,8.36,
2009,ME,23,Maine,2.15,0.37,2.51,
2010,ME,23,Maine,3.14,0.35,3.49,
2011,ME,23,Maine,2.81,0.47,3.28,
2012,ME,23,Maine,1.83,0.34,2.16,
2013,ME,23,Maine,2.37,0.11,2.48,
2014,ME,23,Maine,2.24,0.29,2.52,
2017,ME,23,Maine,9.56,1.49,11.04,
2018,ME,23,Maine,9.84,2.46,12.3,
2019,ME,23,Maine,15.66,3.46,19.12,https://fns-prod.azureedge.us/sites/default/files/resource-files/FY2019SNAPQCPaymentErrorRateChartGeneric.pdf
2022,ME,23,Maine,13.59,1.27,14.86,https://fns-prod.azureedge.us/sites/default/files/resource-files/snap-fy22-qc-payment-error-rate.pdf
2023,ME,23,Maine,10.08,3.41,13.48,https://fns-prod.azureedge.us/sites/default/files/resource-files/snap-fy23-qc-payment-error-rate.pdf
2003,MI,26,Michigan,8.25,2.85,11.1,
2004,MI,26,Michigan,4.82,2.37,7.19,
2005,MI,26,Michigan,5.94,1.41,7.34,
2006,MI,26,Michigan,5.53,2,7.53,
2007,MI,26,Michigan,6.41,2.08,8.5,
2008,MI,26,Michigan,5.09,0.79,5.88,
2009,MI,26,Michigan,4.67,2.08,6.75,
2010,MI,26,Michigan,2.17,1.14,3.31,
2011,MI,26,Michigan,2.34,0.78,3.12,
2012,MI,26,Michigan,2.61,0.94,3.55,
2013,MI,26,Michigan,2.39,0.31,2.7,
2014,MI,26,Michigan,2.24,0.75,2.99,
2017,MI,26,Michigan,9.06,2.07,11.13,
2018,MI,26,Michigan,8.91,2.62,11.53,
2019,MI,26,Michigan,9.71,2.73,12.44,https://fns-prod.azureedge.us/sites/default/files/resource-files/FY2019SNAPQCPaymentErrorRateChartGeneric.pdf
2022,MI,26,Michigan,10.22,2.78,13,https://fns-prod.azureedge.us/sites/default/files/resource-files/snap-fy22-qc-payment-error-rate.pdf
2023,MI,26,Michigan,8.69,2.03,10.72,https://fns-prod.azureedge.us/sites/default/files/resource-files/snap-fy23-qc-payment-error-rate.pdf
2003,MN,27,Minnesota,5.99,1.98,7.96,
2004,MN,27,Minnesota,4.98,1.96,6.94,
2005,MN,27,Minnesota,5.52,2.08,7.6,
2006,MN,27,Minnesota,5.94,1.61,7.56,
2007,MN,27,Minnesota,4.74,1.79,6.53,
2008,MN,27,Minnesota,4.78,1.38,6.16,
2009,MN,27,Minnesota,3.29,0.66,3.95,
2010,MN,27,Minnesota,3.54,1.22,4.76,
2011,MN,27,Minnesota,4.2,0.82,5.02,
2012,MN,27,Minnesota,4.05,1.02,5.07,
2013,MN,27,Minnesota,3.11,0.97,4.08,
2014,MN,27,Minnesota,5.38,1.48,6.87,
2015,MN,27,Minnesota,4.74,1.24,5.98,
2017,MN,27,Minnesota,5.71,1.43,7.14,
2018,MN,27,Minnesota,6.76,2.36,9.13,
2019,MN,27,Minnesota,7.83,1.94,9.78,https://fns-prod.azureedge.us/sites/default/files/resource-files/FY2019SNAPQCPaymentErrorRateChartGeneric.pdf
2022,MN,27,Minnesota,5.49,2.75,8.24,https://fns-prod.azureedge.us/sites/default/files/resource-files/snap-fy22-qc-payment-error-rate.pdf
2023,MN,27,Minnesota,4.95,1.46,6.4,https://fns-prod.azureedge.us/sites/default/files/resource-files/snap-fy23-qc-payment-error-rate.pdf
2003,MO,29,Missouri,5.37,1.38,6.75,
2004,MO,29,Missouri,6.42,1,7.42,
2005,MO,29,Missouri,4,1.09,5.1,
2006,MO,29,Missouri,2.14,0.45,2.59,
2007,MO,29,Missouri,2.04,0.28,2.31,
2008,MO,29,Missouri,5.17,0.87,6.03,
2009,MO,29,Missouri,4.42,0.87,5.29,
2010,MO,29,Missouri,4.65,1,5.65,
2011,MO,29,Missouri,4.68,1.2,5.88,
2012,MO,29,Missouri,6.44,0.73,7.18,
2013,MO,29,Missouri,1.31,0.3,1.62,
2014,MO,29,Missouri,1.32,0.18,1.5,
2017,MO,29,Missouri,7.06,1.26,8.32,
2018,MO,29,Missouri,7.75,1.32,9.07,
2019,MO,29,Missouri,5.05,0.87,5.92,https://fns-prod.azureedge.us/sites/default/files/resource-files/FY2019SNAPQCPaymentErrorRateChartGeneric.pdf
2022,MO,29,Missouri,12.02,1.01,13.03,https://fns-prod.azureedge.us/sites/default/files/resource-files/snap-fy22-qc-payment-error-rate.pdf
2023,MO,29,Missouri,10.02,0.52,10.54,https://fns-prod.azureedge.us/sites/default/files/resource-files/snap-fy23-qc-payment-error-rate.pdf
2003,MS,28,Mississippi,3.07,1,4.07,
2004,MS,28,Mississippi,4.31,1.58,5.89,
2005,MS,28,Mississippi,2.02,0.98,3,
2006,MS,28,Mississippi,1.8,0.81,2.61,
2007,MS,28,Mississippi,2.24,0.42,2.66,
2008,MS,28,Mississippi,1.65,0.99,2.64,
2009,MS,28,Mississippi,2.31,0.47,2.77,
2010,MS,28,Mississippi,1.56,0.36,1.92,
2011,MS,28,Mississippi,2.37,0.45,2.83,
2012,MS,28,Mississippi,1.89,0.21,2.1,
2013,MS,28,Mississippi,1.24,0.24,1.48,
2014,MS,28,Mississippi,0.95,0.21,1.16,
2017,MS,28,Mississippi,2.8,0.49,3.29,
2018,MS,28,Mississippi,2.43,0.49,2.92,
2019,MS,28,Mississippi,5.3,1.27,6.57,https://fns-prod.azureedge.us/sites/default/files/resource-files/FY2019SNAPQCPaymentErrorRateChartGeneric.pdf
2022,MS,28,Mississippi,6.63,1.16,7.79,https://fns-prod.azureedge.us/sites/default/files/resource-files/snap-fy22-qc-payment-error-rate.pdf
2023,MS,28,Mississippi,8.63,1.53,10.15,https://fns-prod.azureedge.us/sites/default/files/resource-files/snap-fy23-qc-payment-error-rate.pdf
2003,MT,30,Montana,4.92,0.86,5.78,
2004,MT,30,Montana,3.59,1.01,4.6,
2005,MT,30,Montana,3.38,0.67,4.05,
2006,MT,30,Montana,5.73,1.09,6.82,
2007,MT,30,Montana,5.49,1.32,6.81,
2008,MT,30,Montana,2.73,1.02,3.74,
2009,MT,30,Montana,3.16,0.6,3.77,
2010,MT,30,Montana,3.42,0.7,4.12,
2011,MT,30,Montana,2.34,0.75,3.1,
2012,MT,30,Montana,2.07,0.64,2.71,
2013,MT,30,Montana,4.56,1.43,6,
2014,MT,30,Montana,5,2.25,7.25,
2017,MT,30,Montana,7.34,1.2,8.54,
2018,MT,30,Montana,7.97,1.7,9.68,
2019,MT,30,Montana,5.32,1.96,7.29,https://fns-prod.azureedge.us/sites/default/files/resource-files/FY2019SNAPQCPaymentErrorRateChartGeneric.pdf
2022,MT,30,Montana,7.71,2.26,9.97,https://fns-prod.azureedge.us/sites/default/files/resource-files/snap-fy22-qc-payment-error-rate.pdf
2023,MT,30,Montana,5.25,0.79,6.04,https://fns-prod.azureedge.us/sites/default/files/resource-files/snap-fy23-qc-payment-error-rate.pdf
2003,NC,37,North Carolina,3.94,1,4.94,
2004,NC,37,North Carolina,2.16,1.01,3.17,
2005,NC,37,North Carolina,2.31,0.66,2.97,
2006,NC,37,North Carolina,2.22,0.61,2.83,
2007,NC,37,North Carolina,1.72,0.52,2.23,
2008,NC,37,North Carolina,2.2,0.45,2.65,
2009,NC,37,North Carolina,1.87,0.66,2.53,
2010,NC,37,North Carolina,2.04,0.66,2.7,
2011,NC,37,North Carolina,2.01,0.65,2.65,
2012,NC,37,North Carolina,2.05,0.27,2.32,
2013,NC,37,North Carolina,3.22,1.52,4.75,
2014,NC,37,North Carolina,3.75,1.23,4.98,
2017,NC,37,North Carolina,3.78,1.47,5.25,
2018,NC,37,North Carolina,3.74,1.23,4.97,
2019,NC,37,North Carolina,4.2,1.59,5.78,https://fns-prod.azureedge.us/sites/default/files/resource-files/FY2019SNAPQCPaymentErrorRateChartGeneric.pdf
2022,NC,37,North Carolina,17.44,1.63,19.07,https://fns-prod.azureedge.us/sites/default/files/resource-files/snap-fy22-qc-payment-error-rate.pdf
2023,NC,37,North Carolina,8.16,1.56,9.72,https://fns-prod.azureedge.us/sites/default/files/resource-files/snap-fy23-qc-payment-error-rate.pdf
2003,ND,38,North Dakota,3.8,1.04,4.85,
2004,ND,38,North Dakota,2.68,1.46,4.15,
2005,ND,38,North Dakota,2.26,1.33,3.59,
2006,ND,38,North Dakota,2.65,1.01,3.67,
2007,ND,38,North Dakota,2.36,0.93,3.29,
2008,ND,38,North Dakota,4.15,1.53,5.68,
2009,ND,38,North Dakota,2.36,1.06,3.42,
2010,ND,38,North Dakota,3.23,1.14,4.38,
2011,ND,38,North Dakota,3.86,0.48,4.34,
2012,ND,38,North Dakota,2.45,0.49,2.94,
2013,ND,38,North Dakota,1.47,0.83,2.3,
2014,ND,38,North Dakota,1.57,0.16,1.73,
2015,ND,38,North Dakota,2.02,0.71,2.73,
2017,ND,38,North Dakota,3.68,1.26,4.93,
2018,ND,38,North Dakota,3.33,1.18,4.52,
2019,ND,38,North Dakota,3.95,0.96,4.92,https://fns-prod.azureedge.us/sites/default/files/resource-files/FY2019SNAPQCPaymentErrorRateChartGeneric.pdf
2022,ND,38,North Dakota,8.06,1.45,9.51,https://fns-prod.azureedge.us/sites/default/files/resource-files/snap-fy22-qc-payment-error-rate.pdf
2023,ND,38,North Dakota,7.83,1.68,9.51,https://fns-prod.azureedge.us/sites/default/files/resource-files/snap-fy23-qc-payment-error-rate.pdf
2003,NE,31,Nebraska,5.67,1.57,7.24,
2004,NE,31,Nebraska,4.24,1.36,5.6,
2005,NE,31,Nebraska,3.65,0.8,4.45,
2006,NE,31,Nebraska,2.97,0.47,3.44,
2007,NE,31,Nebraska,1.3,0.43,1.73,
2008,NE,31,Nebraska,2.23,0.52,2.75,
2009,NE,31,Nebraska,1.05,0.48,1.54,
2010,NE,31,Nebraska,2.89,0.63,3.52,
2011,NE,31,Nebraska,3.41,1.09,4.5,
2012,NE,31,Nebraska,2.52,0.67,3.19,
2013,NE,31,Nebraska,2.44,0.43,2.87,
2014,NE,31,Nebraska,2.32,0.66,2.98,
2017,NE,31,Nebraska,3.54,0.52,4.06,
2018,NE,31,Nebraska,4.05,0.74,4.79,
2019,NE,31,Nebraska,4.77,0.78,5.55,https://fns-prod.azureedge.us/sites/default/files/resource-files/FY2019SNAPQCPaymentErrorRateChartGeneric.pdf
2022,NE,31,Nebraska,6.39,0.95,7.34,https://fns-prod.azureedge.us/sites/default/files/resource-files/snap-fy22-qc-payment-error-rate.pdf
2023,NE,31,Nebraska,5.95,1.11,7.06,https://fns-prod.azureedge.us/sites/default/files/resource-files/snap-fy23-qc-payment-error-rate.pdf
2003,NH,33,New Hampshire,6.27,1.25,7.52,
2004,NH,33,New Hampshire,5.78,1.32,7.1,
2005,NH,33,New Hampshire,4.68,1.22,5.91,
2006,NH,33,New Hampshire,5.4,0.76,6.16,
2007,NH,33,New Hampshire,4.8,1.36,6.16,
2008,NH,33,New Hampshire,3.48,0.67,4.15,
2009,NH,33,New Hampshire,2.26,0.76,3.01,
2010,NH,33,New Hampshire,4.19,1.12,5.31,
2011,NH,33,New Hampshire,4.03,0.79,4.82,
2012,NH,33,New Hampshire,4.1,1,5.09,
2013,NH,33,New Hampshire,3.02,0.8,3.82,
2014,NH,33,New Hampshire,3.97,0.85,4.81,
2017,NH,33,New Hampshire,3.63,1.01,4.64,
2018,NH,33,New Hampshire,4.44,1.18,5.61,
2019,NH,33,New Hampshire,6.7,1.83,8.53,https://fns-prod.azureedge.us/sites/default/files/resource-files/FY2019SNAPQCPaymentErrorRateChartGeneric.pdf
2022,NH,33,New Hampshire,7.71,4.63,12.34,https://fns-prod.azureedge.us/sites/default/files/resource-files/snap-fy22-qc-payment-error-rate.pdf
2023,NH,33,New Hampshire,9.82,2.71,12.53,https://fns-prod.azureedge.us/sites/default/files/resource-files/snap-fy23-qc-payment-error-rate.pdf
2003,NJ,34,New Jersey,1.83,0.6,2.43,
2004,NJ,34,New Jersey,2.03,0.99,3.01,
2005,NJ,34,New Jersey,3.58,1.21,4.79,
2006,NJ,34,New Jersey,2.51,1.65,4.15,
2007,NJ,34,New Jersey,4.68,1.58,6.26,
2008,NJ,34,New Jersey,4.21,1.02,5.23,
2009,NJ,34,New Jersey,2.6,1.04,3.64,
2010,NJ,34,New Jersey,3.95,0.67,4.62,
2011,NJ,34,New Jersey,3.3,1.03,4.33,
2012,NJ,34,New Jersey,2.85,0.64,3.49,
2013,NJ,34,New Jersey,0.99,0.33,1.32,
2014,NJ,34,New Jersey,0.9,0.53,1.43,
2017,NJ,34,New Jersey,4.44,0.97,5.41,
2018,NJ,34,New Jersey,4.23,1.93,6.16,
2019,NJ,34,New Jersey,5.21,3.26,8.47,https://fns-prod.azureedge.us/sites/default/files/resource-files/FY2019SNAPQCPaymentErrorRateChartGeneric.pdf
2022,NJ,34,New Jersey,4.92,1.32,6.24,https://fns-prod.azureedge.us/sites/default/files/resource-files/snap-fy22-qc-payment-error-rate.pdf
2023,NJ,34,New Jersey,33.48,2.22,35.7,https://fns-prod.azureedge.us/sites/default/files/resource-files/snap-fy23-qc-payment-error-rate.pdf
2003,NM,35,New Mexico,4.86,1.3,6.16,
2004,NM,35,New Mexico,4.36,1.23,5.59,
2005,NM,35,New Mexico,4.98,1.01,5.99,
2006,NM,35,New Mexico,5.22,1.55,6.78,
2007,NM,35,New Mexico,5.46,1.96,7.42,
2008,NM,35,New Mexico,5.09,1.25,6.34,
2009,NM,35,New Mexico,4.04,0.76,4.79,
2010,NM,35,New Mexico,3.64,0.86,4.5,
2011,NM,35,New Mexico,3.57,0.77,4.35,
2012,NM,35,New Mexico,2.97,0.76,3.73,
2013,NM,35,New Mexico,3.99,0.57,4.55,
2014,NM,35,New Mexico,5.23,0.99,6.22,
2017,NM,35,New Mexico,5.81,1.09,6.9,
2018,NM,35,New Mexico,6.86,1.87,8.72,
2019,NM,35,New Mexico,7.32,2.02,9.34,https://fns-prod.azureedge.us/sites/default/files/resource-files/FY2019SNAPQCPaymentErrorRateChartGeneric.pdf
2022,NM,35,New Mexico,11.39,1.04,12.43,https://fns-prod.azureedge.us/sites/default/files/resource-files/snap-fy22-qc-payment-error-rate.pdf
2023,NM,35,New Mexico,13.45,0.95,14.4,https://fns-prod.azureedge.us/sites/default/files/resource-files/snap-fy23-qc-payment-error-rate.pdf
2003,NV,32,Nevada,6.46,1.79,8.25,
2004,NV,32,Nevada,6.16,1.36,7.51,
2005,NV,32,Nevada,2.12,0.74,2.86,
2006,NV,32,Nevada,2.69,1.18,3.87,
2007,NV,32,Nevada,3.86,0.98,4.84,
2008,NV,32,Nevada,3.64,1.09,4.73,
2009,NV,32,Nevada,3.2,1.09,4.28,
2010,NV,32,Nevada,5.23,1.34,6.57,
2011,NV,32,Nevada,4.46,1.83,6.29,
2012,NV,32,Nevada,4.78,1.23,6.01,
2013,NV,32,Nevada,4.4,1.1,5.51,
2014,NV,32,Nevada,6.32,1.3,7.61,
2017,NV,32,Nevada,4.77,0.99,5.76,
2018,NV,32,Nevada,5.22,0.66,5.88,
2019,NV,32,Nevada,6.1,0.59,6.69,https://fns-prod.azureedge.us/sites/default/files/resource-files/FY2019SNAPQCPaymentErrorRateChartGeneric.pdf
2022,NV,32,Nevada,6.1,1.12,7.22,https://fns-prod.azureedge.us/sites/default/files/resource-files/snap-fy22-qc-payment-error-rate.pdf
2023,NV,32,Nevada,5.6,1.11,6.71,https://fns-prod.azureedge.us/sites/default/files/resource-files/snap-fy23-qc-payment-error-rate.pdf
2003,NY,36,New York,3.67,2.21,5.88,
2004,NY,36,New York,3.25,2.49,5.74,
2005,NY,36,New York,4.9,2.33,7.23,
2006,NY,36,New York,3.77,0.78,4.56,
2007,NY,36,New York,4.38,1.12,5.51,
2008,NY,36,New York,3.62,0.89,4.5,
2009,NY,36,New York,4.94,0.45,5.39,
2010,NY,36,New York,4.92,0.59,5.51,
2011,NY,36,New York,3.82,0.5,4.32,
2012,NY,36,New York,4.37,0.72,5.09,
2013,NY,36,New York,4.09,0.7,4.79,
2014,NY,36,New York,4.4,0.83,5.23,
2015,NY,36,New York,2.66,0.67,3.33,
2017,NY,36,New York,4.65,0.88,5.53,
2018,NY,36,New York,6.8,0.92,7.72,
2019,NY,36,New York,5.94,0.37,6.3,https://fns-prod.azureedge.us/sites/default/files/resource-files/FY2019SNAPQCPaymentErrorRateChartGeneric.pdf
2022,NY,36,New York,10.35,2.54,12.89,https://fns-prod.azureedge.us/sites/default/files/resource-files/snap-fy22-qc-payment-error-rate.pdf
2023,NY,36,New York,11.22,1.46,12.68,https://fns-prod.azureedge.us/sites/default/files/resource-files/snap-fy23-qc-payment-error-rate.pdf
2003,OH,39,Ohio,5.09,1.52,6.61,
2004,OH,39,Ohio,6.98,1.46,8.43,
2005,OH,39,Ohio,6.96,1.69,8.65,
2006,OH,39,Ohio,5.62,1.48,7.1,
2007,OH,39,Ohio,7.26,1.91,9.17,
2008,OH,39,Ohio,3.75,0.53,4.29,
2009,OH,39,Ohio,1.45,0.85,2.3,
2010,OH,39,Ohio,2.62,0.69,3.31,
2011,OH,39,Ohio,2.81,0.59,3.4,
2012,OH,39,Ohio,2.24,1.15,3.39,
2013,OH,39,Ohio,3.03,1.09,4.12,
2014,OH,39,Ohio,3.85,0.82,4.67,
2017,OH,39,Ohio,4.47,1.04,5.51,
2018,OH,39,Ohio,6.03,1.43,7.46,
2019,OH,39,Ohio,6.56,1.48,8.04,https://fns-prod.azureedge.us/sites/default/files/resource-files/FY2019SNAPQCPaymentErrorRateChartGeneric.pdf
2022,OH,39,Ohio,6.14,0.96,7.1,https://fns-prod.azureedge.us/sites/default/files/resource-files/snap-fy22-qc-payment-error-rate.pdf
2023,OH,39,Ohio,5.42,1.6,7.01,https://fns-prod.azureedge.us/sites/default/files/resource-files/snap-fy23-qc-payment-error-rate.pdf
2003,OK,40,Oklahoma,7.83,1.15,8.98,
2004,OK,40,Oklahoma,4.97,0.93,5.9,
2005,OK,40,Oklahoma,6.62,0.81,7.42,
2006,OK,40,Oklahoma,5.9,1.26,7.17,
2007,OK,40,Oklahoma,4.81,1.3,6.11,
2008,OK,40,Oklahoma,4.7,1.02,5.72,
2009,OK,40,Oklahoma,3.12,0.66,3.78,
2010,OK,40,Oklahoma,3.38,0.84,4.22,
2011,OK,40,Oklahoma,3.1,0.83,3.94,
2012,OK,40,Oklahoma,3.97,0.97,4.94,
2013,OK,40,Oklahoma,3.11,0.88,3.99,
2014,OK,40,Oklahoma,4.66,0.92,5.58,
2017,OK,40,Oklahoma,4.5,1.03,5.53,
2018,OK,40,Oklahoma,5.86,1.12,6.98,
2019,OK,40,Oklahoma,7.03,1.06,8.09,https://fns-prod.azureedge.us/sites/default/files/resource-files/FY2019SNAPQCPaymentErrorRateChartGeneric.pdf
2022,OK,40,Oklahoma,7.67,1.22,8.89,https://fns-prod.azureedge.us/sites/default/files/resource-files/snap-fy22-qc-payment-error-rate.pdf
2023,OK,40,Oklahoma,9.61,1.03,10.64,https://fns-prod.azureedge.us/sites/default/files/resource-files/snap-fy23-qc-payment-error-rate.pdf
2003,OR,41,Oregon,10.7,2.3,13,
2004,OR,41,Oregon,6.04,1.83,7.86,
2005,OR,41,Oregon,4.73,0.97,5.71,
2006,OR,41,Oregon,4.51,0.77,5.28,
2007,OR,41,Oregon,3.94,1.47,5.41,
2008,OR,41,Oregon,4.87,0.43,5.3,
2009,OR,41,Oregon,3.06,0.48,3.54,
2010,OR,41,Oregon,4.52,0.36,4.88,
2011,OR,41,Oregon,3.8,0.19,3.99,
2012,OR,41,Oregon,4.32,0.34,4.66,
2013,OR,41,Oregon,3.91,0.26,4.17,
2014,OR,41,Oregon,4.76,0.35,5.11,
2017,OR,41,Oregon,5.69,0.47,6.15,
2018,OR,41,Oregon,8.15,0.71,8.86,
2019,OR,41,Oregon,8.93,0.81,9.74,https://fns-prod.azureedge.us/sites/default/files/resource-files/FY2019SNAPQCPaymentErrorRateChartGeneric.pdf
2022,OR,41,Oregon,21.76,1.23,22.99,https://fns-prod.azureedge.us/sites/default/files/resource-files/snap-fy22-qc-payment-error-rate.pdf
2023,OR,41,Oregon,15.27,1.49,16.76,https://fns-prod.azureedge.us/sites/default/files/resource-files/snap-fy23-qc-payment-error-rate.pdf
2003,PA,42,Pennsylvania,6.24,1.97,8.21,
2004,PA,42,Pennsylvania,2.86,1.14,4,
2005,PA,42,Pennsylvania,3.64,0.87,4.51,
2006,PA,42,Pennsylvania,3.13,0.51,3.64,
2007,PA,42,Pennsylvania,2.45,0.26,2.71,
2008,PA,42,Pennsylvania,3.03,0.34,3.37,
2009,PA,42,Pennsylvania,4.08,0.35,4.43,
2010,PA,42,Pennsylvania,2.96,0.97,3.93,
2011,PA,42,Pennsylvania,2.74,0.56,3.3,
2012,PA,42,Pennsylvania,2.49,0.59,3.08,
2013,PA,42,Pennsylvania,2.73,0.84,3.56,
2014,PA,42,Pennsylvania,3.34,0.93,4.27,
2017,PA,42,Pennsylvania,4.64,0.44,5.08,
2018,PA,42,Pennsylvania,5.26,1.24,6.51,
2019,PA,42,Pennsylvania,5.83,1.17,7.01,https://fns-prod.azureedge.us/sites/default/files/resource-files/FY2019SNAPQCPaymentErrorRateChartGeneric.pdf
2022,PA,42,Pennsylvania,12.54,1.91,14.44,https://fns-prod.azureedge.us/sites/default/files/resource-files/snap-fy22-qc-payment-error-rate.pdf
2023,PA,42,Pennsylvania,15.03,1.58,16.61,https://fns-prod.azureedge.us/sites/default/files/resource-files/snap-fy23-qc-payment-error-rate.pdf
2003,RI,44,Rhode Island,7.04,1.9,8.94,
2004,RI,44,Rhode Island,10.45,2.85,13.3,
2005,RI,44,Rhode Island,7.12,2.71,9.84,
2006,RI,44,Rhode Island,2.91,1.1,4.02,
2007,RI,44,Rhode Island,4,1.34,5.35,
2008,RI,44,Rhode Island,3.12,0.86,3.97,
2009,RI,44,Rhode Island,3.08,0.6,3.67,
2010,RI,44,Rhode Island,4.76,1.22,5.98,
2011,RI,44,Rhode Island,6.34,1.55,7.89,
2012,RI,44,Rhode Island,6.5,0.86,7.36,
2013,RI,44,Rhode Island,7.19,1.07,8.25,
2014,RI,44,Rhode Island,5.17,0.8,5.97,
2017,RI,44,Rhode Island,10.07,1.17,11.24,
2018,RI,44,Rhode Island,12.31,1.5,13.81,
2019,RI,44,Rhode Island,21.57,1.09,22.66,https://fns-prod.azureedge.us/sites/default/files/resource-files/FY2019SNAPQCPaymentErrorRateChartGeneric.pdf
2022,RI,44,Rhode Island,12.18,2.41,14.59,https://fns-prod.azureedge.us/sites/default/files/resource-files/snap-fy22-qc-payment-error-rate.pdf
2023,RI,44,Rhode Island,9.75,2.65,12.4,https://fns-prod.azureedge.us/sites/default/files/resource-files/snap-fy23-qc-payment-error-rate.pdf
2003,SC,45,South Carolina,4.22,0.71,4.94,
2004,SC,45,South Carolina,5.53,0.73,6.25,
2005,SC,45,South Carolina,4.73,0.71,5.44,
2006,SC,45,South Carolina,5.33,0.88,6.21,
2007,SC,45,South Carolina,4.15,1.26,5.41,
2008,SC,45,South Carolina,5.48,0.79,6.27,
2009,SC,45,South Carolina,3.96,0.6,4.56,
2010,SC,45,South Carolina,4.25,0.89,5.14,
2011,SC,45,South Carolina,2.95,0.19,3.14,
2012,SC,45,South Carolina,1.43,0.16,1.59,
2013,SC,45,South Carolina,1.56,0.19,1.75,
2014,SC,45,South Carolina,0.99,0.1,1.09,
2017,SC,45,South Carolina,3.05,1.16,4.21,
2018,SC,45,South Carolina,4.7,0.57,5.27,
2019,SC,45,South Carolina,4.11,0.98,5.09,https://fns-prod.azureedge.us/sites/default/files/resource-files/FY2019SNAPQCPaymentErrorRateChartGeneric.pdf
2022,SC,45,South Carolina,7.49,1.7,9.19,https://fns-prod.azureedge.us/sites/default/files/resource-files/snap-fy22-qc-payment-error-rate.pdf
2023,SC,45,South Carolina,20.94,1.63,22.57,https://fns-prod.azureedge.us/sites/default/files/resource-files/snap-fy23-qc-payment-error-rate.pdf
2003,SD,46,South Dakota,0.9,0.25,1.16,
2004,SD,46,South Dakota,1.69,0.28,1.97,
2005,SD,46,South Dakota,1.01,0.18,1.19,
2006,SD,46,South Dakota,1.51,0.32,1.83,
2007,SD,46,South Dakota,1.02,0.26,1.28,
2008,SD,46,South Dakota,0.74,0.25,1,
2009,SD,46,South Dakota,0.69,0.25,0.94,
2010,SD,46,South Dakota,0.94,0.37,1.31,
2011,SD,46,South Dakota,1.29,0.3,1.59,
2012,SD,46,South Dakota,1.28,0.09,1.37,
2013,SD,46,South Dakota,0.71,0.28,0.99,
2014,SD,46,South Dakota,1.13,0.13,1.26,
2015,SD,46,South Dakota,0.61,0.14,0.75,
2017,SD,46,South Dakota,0.85,0.36,1.21,
2018,SD,46,South Dakota,0.9,0.13,1.04,
2019,SD,46,South Dakota,1.91,0.5,2.41,https://fns-prod.azureedge.us/sites/default/files/resource-files/FY2019SNAPQCPaymentErrorRateChartGeneric.pdf
2022,SD,46,South Dakota,2.68,0.39,3.07,https://fns-prod.azureedge.us/sites/default/files/resource-files/snap-fy22-qc-payment-error-rate.pdf
2023,SD,46,South Dakota,2.87,0.4,3.27,https://fns-prod.azureedge.us/sites/default/files/resource-files/snap-fy23-qc-payment-error-rate.pdf
2003,TN,47,Tennessee,6.13,1.07,7.2,
2004,TN,47,Tennessee,4.98,1.71,6.69,
2005,TN,47,Tennessee,5.28,0.73,6.01,
2006,TN,47,Tennessee,5.13,0.44,5.57,
2007,TN,47,Tennessee,4.37,0.76,5.13,
2008,TN,47,Tennessee,4.47,0.41,4.89,
2009,TN,47,Tennessee,3.03,0.25,3.28,
2010,TN,47,Tennessee,3.96,0.43,4.39,
2011,TN,47,Tennessee,4.87,0.58,5.46,
2012,TN,47,Tennessee,2.72,0.53,3.25,
2013,TN,47,Tennessee,1.22,0.1,1.32,
2014,TN,47,Tennessee,1,0.08,1.08,
2017,TN,47,Tennessee,3.96,0.52,4.48,
2018,TN,47,Tennessee,3.58,0.61,4.19,
2019,TN,47,Tennessee,5.88,0.84,6.72,https://fns-prod.azureedge.us/sites/default/files/resource-files/FY2019SNAPQCPaymentErrorRateChartGeneric.pdf
2022,TN,47,Tennessee,19.04,0.75,19.79,https://fns-prod.azureedge.us/sites/default/files/resource-files/snap-fy22-qc-payment-error-rate.pdf
2023,TN,47,Tennessee,11.54,1.02,12.56,https://fns-prod.azureedge.us/sites/default/files/resource-files/snap-fy23-qc-payment-error-rate.pdf
2003,TX,48,Texas,2.23,1.06,3.29,
2004,TX,48,Texas,2.85,1.27,4.12,
2005,TX,48,Texas,3.58,1.46,5.03,
2006,TX,48,Texas,5.11,1.35,6.46,
2007,TX,48,Texas,5.39,0.99,6.38,
2008,TX,48,Texas,5.38,1.74,7.11,
2009,TX,48,Texas,5.83,1.07,6.9,
2010,TX,48,Texas,1.54,0.59,2.13,
2011,TX,48,Texas,2.63,0.85,3.48,
2012,TX,48,Texas,2.92,0.71,3.63,
2013,TX,48,Texas,1.24,0.21,1.44,
2014,TX,48,Texas,0.33,0.3,0.63,
2017,TX,48,Texas,2.81,1.32,4.13,
2018,TX,48,Texas,3.37,1.48,4.84,
2019,TX,48,Texas,5.18,1.43,6.6,https://fns-prod.azureedge.us/sites/default/files/resource-files/FY2019SNAPQCPaymentErrorRateChartGeneric.pdf
2022,TX,48,Texas,5.26,2.6,7.86,https://fns-prod.azureedge.us/sites/default/files/resource-files/snap-fy22-qc-payment-error-rate.pdf
2023,TX,48,Texas,4.54,2.15,6.7,https://fns-prod.azureedge.us/sites/default/files/resource-files/snap-fy23-qc-payment-error-rate.pdf
2003,UT,49,Utah,3.4,1.6,5,
2004,UT,49,Utah,2.73,1.03,3.76,
2005,UT,49,Utah,3.12,1.29,4.41,
2006,UT,49,Utah,3,1.22,4.22,
2007,UT,49,Utah,2.55,1.25,3.8,
2008,UT,49,Utah,2.84,1.18,4.02,
2009,UT,49,Utah,2.97,0.82,3.8,
2010,UT,49,Utah,2.8,1.54,4.33,
2011,UT,49,Utah,2.82,1.37,4.19,
2012,UT,49,Utah,1.49,0.91,2.39,
2013,UT,49,Utah,1.49,0.62,2.11,
2014,UT,49,Utah,2.06,0.73,2.79,
2017,UT,49,Utah,4.51,1.08,5.59,
2018,UT,49,Utah,5.21,0.76,5.97,
2019,UT,49,Utah,3.62,0.71,4.33,https://fns-prod.azureedge.us/sites/default/files/resource-files/FY2019SNAPQCPaymentErrorRateChartGeneric.pdf
2022,UT,49,Utah,5.58,1.03,6.61,https://fns-prod.azureedge.us/sites/default/files/resource-files/snap-fy22-qc-payment-error-rate.pdf
2023,UT,49,Utah,4.32,0.77,5.09,https://fns-prod.azureedge.us/sites/default/files/resource-files/snap-fy23-qc-payment-error-rate.pdf
2003,VA,51,Virginia,4.13,1.33,5.46,
2004,VA,51,Virginia,5.2,1.39,6.59,
2005,VA,51,Virginia,4.75,1.03,5.79,
2006,VA,51,Virginia,6.13,0.83,6.96,
2007,VA,51,Virginia,5.5,0.97,6.47,
2008,VA,51,Virginia,4.33,1.42,5.75,
2009,VA,51,Virginia,4.68,1.06,5.74,
2010,VA,51,Virginia,5.04,0.83,5.87,
2011,VA,51,Virginia,3.07,0.35,3.41,
2012,VA,51,Virginia,1.33,0.43,1.76,
2013,VA,51,Virginia,0.35,0.09,0.44,
2014,VA,51,Virginia,4.68,0.05,4.73,
2017,VA,51,Virginia,7.95,1.75,9.7,
2018,VA,51,Virginia,7.89,1.73,9.62,
2019,VA,51,Virginia,9.65,0.87,10.52,https://fns-prod.azureedge.us/sites/default/files/resource-files/FY2019SNAPQCPaymentErrorRateChartGeneric.pdf
2022,VA,51,Virginia,7.66,1.68,9.34,https://fns-prod.azureedge.us/sites/default/files/resource-files/snap-fy22-qc-payment-error-rate.pdf
2023,VA,51,Virginia,8.15,1.71,9.86,https://fns-prod.azureedge.us/sites/default/files/resource-files/snap-fy23-qc-payment-error-rate.pdf
2003,VI,78,Virgin Islands,5.87,1,6.88,
2004,VI,78,Virgin Islands,3.76,1.02,4.78,
2005,VI,78,Virgin Islands,1.98,0.13,2.11,
2006,VI,78,Virgin Islands,1.55,0.38,1.93,
2007,VI,78,Virgin Islands,2.82,0.22,3.03,
2008,VI,78,Virgin Islands,2.08,1.14,3.22,
2009,VI,78,Virgin Islands,2.66,0.18,2.83,
2010,VI,78,Virgin Islands,2.62,0.48,3.1,
2011,VI,78,Virgin Islands,3.33,1.43,4.77,
2012,VI,78,Virgin Islands,3.86,0.34,4.2,
2013,VI,78,Virgin Islands,3.26,0.32,3.58,
2014,VI,78,Virgin Islands,2.51,0.67,3.18,
2015,VI,78,Virgin Islands,2.05,0.31,2.36,
2017,VI,78,Virgin Islands,2.87,0.47,3.34,
2018,VI,78,Virgin Islands,5.85,1.02,6.87,
2019,VI,78,Virgin Islands,5.28,1.49,6.76,https://fns-prod.azureedge.us/sites/default/files/resource-files/FY2019SNAPQCPaymentErrorRateChartGeneric.pdf
2022,VI,78,Virgin Islands,5.95,1.28,7.22,https://fns-prod.azureedge.us/sites/default/files/resource-files/snap-fy22-qc-payment-error-rate.pdf
2023,VI,78,Virgin Islands,8.54,1.75,10.29,https://fns-prod.azureedge.us/sites/default/files/resource-files/snap-fy23-qc-payment-error-rate.pdf
2003,VT,50,Vermont,6.99,1.53,8.52,
2004,VT,50,Vermont,4.07,1.06,5.13,
2005,VT,50,Vermont,4.61,1.03,5.64,
2006,VT,50,Vermont,3.78,1.47,5.25,
2007,VT,50,Vermont,5.39,0.85,6.24,
2008,VT,50,Vermont,4.56,0.96,5.52,
2009,VT,50,Vermont,4.25,1.17,5.42,
2010,VT,50,Vermont,5.6,0.99,6.59,
2011,VT,50,Vermont,7.02,1.51,8.53,
2012,VT,50,Vermont,5.76,1.2,6.96,
2013,VT,50,Vermont,8.62,1.05,9.66,
2014,VT,50,Vermont,2.35,0.41,2.76,
2017,VT,50,Vermont,6.51,1.17,7.68,
2018,VT,50,Vermont,3.35,0.21,3.56,
2019,VT,50,Vermont,2.56,0.45,3.01,https://fns-prod.azureedge.us/sites/default/files/resource-files/FY2019SNAPQCPaymentErrorRateChartGeneric.pdf
2022,VT,50,Vermont,4.1,0.47,4.57,https://fns-prod.azureedge.us/sites/default/files/resource-files/snap-fy22-qc-payment-error-rate.pdf
2023,VT,50,Vermont,2.82,0.64,3.45,https://fns-prod.azureedge.us/sites/default/files/resource-files/snap-fy23-qc-payment-error-rate.pdf
2003,WA,53,Washington,5.02,1.26,6.28,
2004,WA,53,Washington,5.88,1.74,7.62,
2005,WA,53,Washington,1.67,1.05,2.72,
2006,WA,53,Washington,2.24,0.36,2.59,
2007,WA,53,Washington,2.44,0.49,2.93,
2008,WA,53,Washington,3.32,0.54,3.86,
2009,WA,53,Washington,1.39,0.43,1.81,
2010,WA,53,Washington,2.7,0.61,3.3,
2011,WA,53,Washington,3.34,0.48,3.81,
2012,WA,53,Washington,2.13,0.36,2.49,
2013,WA,53,Washington,1.45,0.26,1.71,
2014,WA,53,Washington,0.77,0,0.77,
2017,WA,53,Washington,4.52,0.9,5.42,
2018,WA,53,Washington,5.86,0.73,6.59,
2019,WA,53,Washington,4.1,0.78,4.88,https://fns-prod.azureedge.us/sites/default/files/resource-files/FY2019SNAPQCPaymentErrorRateChartGeneric.pdf
2022,WA,53,Washington,8.65,0.68,9.33,https://fns-prod.azureedge.us/sites/default/files/resource-files/snap-fy22-qc-payment-error-rate.pdf
2023,WA,53,Washington,5.67,1.07,6.74,https://fns-prod.azureedge.us/sites/default/files/resource-files/snap-fy23-qc-payment-error-rate.pdf
2003,WI,55,Wisconsin,6.78,2.54,9.32,
2004,WI,55,Wisconsin,4.84,1.81,6.65,
2005,WI,55,Wisconsin,3.45,2.16,5.61,
2006,WI,55,Wisconsin,4.29,1.88,6.17,
2007,WI,55,Wisconsin,4.42,1.48,5.9,
2008,WI,55,Wisconsin,5.29,2.09,7.38,
2009,WI,55,Wisconsin,0.79,0.32,1.11,
2010,WI,55,Wisconsin,1.37,0.6,1.97,
2011,WI,55,Wisconsin,1.78,0.23,2.02,
2012,WI,55,Wisconsin,1.39,0.68,2.07,
2013,WI,55,Wisconsin,2.18,0.23,2.4,
2014,WI,55,Wisconsin,1.99,0.56,2.55,
2017,WI,55,Wisconsin,6.26,0.92,7.17,
2018,WI,55,Wisconsin,6.65,1.28,7.94,
2019,WI,55,Wisconsin,4.64,0.76,5.4,https://fns-prod.azureedge.us/sites/default/files/resource-files/FY2019SNAPQCPaymentErrorRateChartGeneric.pdf
2022,WI,55,Wisconsin,3.81,0.58,4.39,https://fns-prod.azureedge.us/sites/default/files/resource-files/snap-fy22-qc-payment-error-rate.pdf
2023,WI,55,Wisconsin,4.74,0.41,5.15,https://fns-prod.azureedge.us/sites/default/files/resource-files/snap-fy23-qc-payment-error-rate.pdf
2003,WV,54,West Virginia,4.8,1.42,6.21,
2004,WV,54,West Virginia,5.49,1.1,6.58,
2005,WV,54,West Virginia,4.89,1.05,5.94,
2006,WV,54,West Virginia,6.25,1.1,7.34,
2007,WV,54,West Virginia,8.28,1.31,9.59,
2008,WV,54,West Virginia,6.52,0.87,7.4,
2009,WV,54,West Virginia,4.47,0.95,5.42,
2010,WV,54,West Virginia,5.96,1.18,7.14,
2011,WV,54,West Virginia,5.27,1.04,6.31,
2012,WV,54,West Virginia,5.94,1.13,7.06,
2013,WV,54,West Virginia,4.52,0.72,5.24,
2014,WV,54,West Virginia,4.37,0.52,4.9,
2015,WV,54,West Virginia,4.75,0.66,5.41,
2017,WV,54,West Virginia,8.15,1.43,9.58,
2018,WV,54,West Virginia,5.6,1.15,6.75,
2019,WV,54,West Virginia,5.66,1.78,7.44,https://fns-prod.azureedge.us/sites/default/files/resource-files/FY2019SNAPQCPaymentErrorRateChartGeneric.pdf
2022,WV,54,West Virginia,7.56,1.79,9.35,https://fns-prod.azureedge.us/sites/default/files/resource-files/snap-fy22-qc-payment-error-rate.pdf
2023,WV,54,West Virginia,9.83,1.15,10.98,https://fns-prod.azureedge.us/sites/default/files/resource-files/snap-fy23-qc-payment-error-rate.pdf
2003,WY,56,Wyoming,3.03,1.2,4.23,
2004,WY,56,Wyoming,3.03,1.66,4.69,
2005,WY,56,Wyoming,5.87,1.16,7.03,
2006,WY,56,Wyoming,3.98,1.41,5.39,
2007,WY,56,Wyoming,4.91,1.51,6.42,
2008,WY,56,Wyoming,1.86,0.83,2.69,
2009,WY,56,Wyoming,2.85,0.38,3.23,
2010,WY,56,Wyoming,3.54,1.22,4.76,
2011,WY,56,Wyoming,7.63,1.99,9.63,
2012,WY,56,Wyoming,5.45,1.74,7.18,
2013,WY,56,Wyoming,4.22,0.77,4.99,
2014,WY,56,Wyoming,4.35,0.83,5.19,
2015,WY,56,Wyoming,3.96,0.97,4.94,
2017,WY,56,Wyoming,2.52,0.83,3.35,
2018,WY,56,Wyoming,3.15,1.06,4.21,
2019,WY,56,Wyoming,2.25,0.17,2.42,https://fns-prod.azureedge.us/sites/default/files/resource-files/FY2019SNAPQCPaymentErrorRateChartGeneric.pdf
2022,WY,56,Wyoming,3.44,0.86,4.3,https://fns-prod.azureedge.us/sites/default/files/resource-files/snap-fy22-qc-payment-error-rate.pdf
2023,WY,56,Wyoming,4.33,0.86,5.19,https://fns-prod.azureedge.us/sites/default/files/resource-files/snap-fy23-qc-payment-error-rate.pdf
